match_id,season,team1,team2,winner,venue,date
1,2008,RR,RCB,RR,Sawai Mansingh Stadium Jaipur,
2,2008,DCH,MI,MI,Rajiv Gandhi Intl Stadium Hyderabad,
3,2008,KKR,CSK,CSK,Eden Gardens Kolkata,
4,2008,RCB,DC,DC,M Chinnaswamy Stadium Bengaluru,
5,2008,KKR,RR,RR,Eden Gardens Kolkata,
6,2008,MI,PBKS,PBKS,Wankhede Stadium Mumbai,
7,2008,CSK,RCB,RCB,MA Chidambaram Stadium Chennai,
8,2008,DC,MI,DC,Feroz Shah Kotla,
9,2008,CSK,RR,RR,Dr DY Patil Stadium Mumbai,
10,2008,CSK,RR,RR,MA Chidambaram Stadium Chennai,
11,2008,RCB,DCH,RCB,M Chinnaswamy Stadium Bengaluru,
12,2008,KKR,PBKS,KKR,Eden Gardens Kolkata,
13,2008,RR,MI,RR,Sawai Mansingh Stadium Jaipur,
14,2008,DCH,CSK,CSK,Rajiv Gandhi Intl Stadium Hyderabad,
15,2008,DC,RR,RR,Wankhede Stadium Mumbai,
16,2008,CSK,PBKS,CSK,Wankhede Stadium Mumbai,
17,2008,PBKS,DCH,PBKS,PCA Stadium,
18,2008,MI,KKR,MI,Wankhede Stadium Mumbai,
19,2008,DC,DCH,DC,Feroz Shah Kotla,
20,2008,PBKS,RR,PBKS,PCA Stadium,
21,2008,MI,CSK,MI,Wankhede Stadium Mumbai,
22,2008,KKR,DC,KKR,Eden Gardens Kolkata,
23,2008,PBKS,RCB,PBKS,PCA Stadium,
24,2008,DC,PBKS,PBKS,Feroz Shah Kotla,
25,2008,RR,DC,RR,Sawai Mansingh Stadium Jaipur,
26,2008,RR,CSK,RR,Sawai Mansingh Stadium Jaipur,
27,2008,MI,DC,MI,Dr DY Patil Stadium Mumbai,
28,2008,PBKS,KKR,PBKS,PCA Stadium,
29,2008,DCH,RCB,RCB,Rajiv Gandhi Intl Stadium Hyderabad,
30,2008,CSK,DC,DC,MA Chidambaram Stadium Chennai,
31,2008,RR,KKR,RR,Sawai Mansingh Stadium Jaipur,
32,2008,RCB,KKR,KKR,M Chinnaswamy Stadium Bengaluru,
33,2008,DC,RCB,DC,Feroz Shah Kotla,
34,2008,KKR,MI,MI,Eden Gardens Kolkata,
35,2008,RCB,CSK,CSK,M Chinnaswamy Stadium Bengaluru,
36,2008,PBKS,DC,PBKS,PCA Stadium,
37,2008,MI,DCH,DCH,Dr DY Patil Stadium Mumbai,
38,2008,CSK,KKR,CSK,MA Chidambaram Stadium Chennai,
39,2008,RCB,RR,RR,M Chinnaswamy Stadium Bengaluru,
40,2008,PBKS,MI,PBKS,PCA Stadium,
41,2008,DCH,RR,RR,Rajiv Gandhi Intl Stadium Hyderabad,
42,2008,CSK,MI,CSK,MA Chidambaram Stadium Chennai,
43,2008,DCH,DC,DC,Rajiv Gandhi Intl Stadium Hyderabad,
44,2008,RR,PBKS,RR,Sawai Mansingh Stadium Jaipur,
45,2008,KKR,DCH,KKR,Eden Gardens Kolkata,
46,2008,MI,RCB,RCB,Wankhede Stadium Mumbai,
47,2008,DC,RR,DC,Feroz Shah Kotla,
48,2008,PBKS,CSK,CSK,PCA Stadium,
49,2008,DCH,KKR,KKR,Rajiv Gandhi Intl Stadium Hyderabad,
50,2008,CSK,PBKS,CSK,MA Chidambaram Stadium Chennai,
51,2008,RCB,MI,MI,M Chinnaswamy Stadium Bengaluru,
52,2008,RR,DCH,RR,Sawai Mansingh Stadium Jaipur,
53,2008,KKR,RCB,KKR,Eden Gardens Kolkata,
54,2008,DC,CSK,CSK,Feroz Shah Kotla,
55,2008,MI,RR,MI,Dr DY Patil Stadium Mumbai,
56,2008,CSK,DCH,DCH,MA Chidambaram Stadium Chennai,
57,2008,RCB,PBKS,PBKS,M Chinnaswamy Stadium Bengaluru,
58,2008,DCH,PBKS,PBKS,Rajiv Gandhi Intl Stadium Hyderabad,
59,2009,RR,RCB,RCB,Sawai Mansingh Stadium Jaipur,
60,2009,MI,DC,MI,Brabourne Stadium,
61,2009,PBKS,DCH,DCH,HPCA Stadium Dharamsala,
62,2009,DCH,RR,RR,"Vidarbha Cricket Association Stadium, Jamtha",
63,2009,CSK,MI,CSK,MA Chidambaram Stadium Chennai,
64,2009,CSK,KKR,CSK,MA Chidambaram Stadium Chennai,
65,2009,DC,DCH,DCH,SuperSport Park,
66,2009,RCB,DCH,RCB,SuperSport Park,
67,2009,DC,MI,DC,SuperSport Park,
68,2009,CSK,PBKS,CSK,Kingsmead,
69,2009,KKR,RR,KKR,Kingsmead,
70,2009,RCB,DC,RCB,New Wanderers Stadium,
71,2009,CSK,KKR,KKR,SuperSport Park,
72,2009,DC,RR,DC,OUTsurance Oval,
73,2009,DCH,PBKS,PBKS,New Wanderers Stadium,
74,2009,DCH,KKR,DCH,New Wanderers Stadium,
75,2009,CSK,MI,CSK,St George's Park,
76,2009,DC,PBKS,PBKS,OUTsurance Oval,
77,2009,MI,RR,RR,Kingsmead,
78,2009,RCB,CSK,RCB,Kingsmead,
79,2009,DCH,DC,DC,Kingsmead,
80,2009,PBKS,MI,MI,SuperSport Park,
81,2009,MI,RCB,RCB,Brabourne Stadium,
82,2009,RR,KKR,RR,"Sardar Patel Stadium, Motera",
83,2009,DCH,PBKS,DCH,Barabati Stadium,
84,2009,DC,CSK,CSK,Feroz Shah Kotla,
85,2009,RCB,RR,RCB,M Chinnaswamy Stadium Bengaluru,
86,2009,DC,MI,MI,Feroz Shah Kotla,
87,2009,KKR,CSK,CSK,Eden Gardens Kolkata,
88,2009,RCB,PBKS,RCB,M Chinnaswamy Stadium Bengaluru,
89,2009,RR,DC,DC,"Sardar Patel Stadium, Motera",
90,2009,CSK,DC,CSK,New Wanderers Stadium,
91,2009,RCB,MI,RCB,New Wanderers Stadium,
92,2009,PBKS,KKR,PBKS,St George's Park,
93,2009,PBKS,RR,RR,Kingsmead,
94,2009,DC,KKR,DC,Kingsmead,
95,2009,DCH,MI,DCH,SuperSport Park,
96,2009,CSK,DC,DC,MA Chidambaram Stadium Chennai,
97,2009,RCB,CSK,RCB,New Wanderers Stadium,
98,2009,RCB,DCH,DCH,New Wanderers Stadium,
99,2009,DCH,KKR,KKR,Dr DY Patil Stadium Mumbai,
100,2009,MI,RR,MI,Brabourne Stadium,
101,2009,PBKS,DC,DC,PCA Stadium,
102,2009,KKR,RCB,KKR,Eden Gardens Kolkata,
103,2009,CSK,DCH,DCH,MA Chidambaram Stadium Chennai,
104,2009,RR,PBKS,RR,Sawai Mansingh Stadium Jaipur,
105,2009,KKR,DC,KKR,Eden Gardens Kolkata,
106,2009,RCB,DCH,DCH,M Chinnaswamy Stadium Bengaluru,
107,2009,PBKS,MI,PBKS,PCA Stadium,
108,2009,DCH,CSK,DCH,"Vidarbha Cricket Association Stadium, Jamtha",
109,2009,RCB,KKR,RCB,M Chinnaswamy Stadium Bengaluru,
110,2009,DC,PBKS,PBKS,Feroz Shah Kotla,
111,2009,RR,MI,MI,Sawai Mansingh Stadium Jaipur,
112,2009,DCH,RCB,DCH,"Vidarbha Cricket Association Stadium, Jamtha",
113,2009,DCH,DC,DCH,Barabati Stadium,
114,2009,CSK,PBKS,CSK,MA Chidambaram Stadium Chennai,
115,2009,MI,KKR,MI,Brabourne Stadium,
116,2009,RCB,CSK,RCB,M Chinnaswamy Stadium Bengaluru,
117,2009,PBKS,RR,RR,PCA Stadium,
118,2009,CSK,MI,MI,"Brabourne Stadium, Mumbai",
119,2009,RR,DCH,RR,"Sardar Patel Stadium, Motera",
120,2009,PBKS,KKR,KKR,PCA Stadium,
121,2009,RCB,DC,DC,M Chinnaswamy Stadium Bengaluru,
122,2009,RR,CSK,RR,"Sardar Patel Stadium, Motera",
123,2009,DCH,MI,MI,Dr DY Patil Stadium Mumbai,
124,2009,DC,KKR,DC,Feroz Shah Kotla,
125,2009,MI,PBKS,MI,Brabourne Stadium,
126,2009,CSK,RCB,CSK,MA Chidambaram Stadium Chennai,
127,2009,DC,RR,DC,Feroz Shah Kotla,
128,2009,KKR,DCH,KKR,Eden Gardens Kolkata,
129,2009,DCH,KKR,DCH,Newlands,
130,2009,CSK,MI,MI,Newlands,
131,2009,RCB,RR,RCB,Newlands,
132,2009,DC,PBKS,DC,Newlands,
133,2009,PBKS,KKR,KKR,Kingsmead,
134,2009,RCB,CSK,CSK,St George's Park,
135,2009,RCB,DCH,DCH,Newlands,
136,2009,RCB,RR,RR,SuperSport Park,
137,2009,CSK,PBKS,CSK,SuperSport Park,
138,2009,DC,MI,DC,Buffalo Park,
139,2009,DCH,PBKS,PBKS,De Beers Diamond Oval,
140,2009,CSK,RR,CSK,De Beers Diamond Oval,
141,2009,RCB,MI,MI,St George's Park,
142,2009,DC,KKR,DC,New Wanderers Stadium,
143,2009,DCH,RR,DCH,De Beers Diamond Oval,
144,2009,RCB,KKR,RCB,SuperSport Park,
145,2009,CSK,DC,DC,Kingsmead,
146,2009,KKR,RR,RR,Newlands,
147,2009,RCB,PBKS,PBKS,Kingsmead,
148,2009,DCH,MI,DCH,Kingsmead,
149,2009,RCB,DC,DC,St George's Park,
150,2009,PBKS,RR,PBKS,Newlands,
151,2009,CSK,DCH,DCH,Kingsmead,
152,2009,KKR,MI,MI,St George's Park,
153,2009,DC,RR,RR,SuperSport Park,
154,2009,RCB,KKR,RCB,Kingsmead,
155,2009,PBKS,MI,PBKS,Kingsmead,
156,2009,DCH,DC,DC,SuperSport Park,
157,2009,CSK,RR,CSK,SuperSport Park,
158,2009,KKR,MI,MI,Buffalo Park,
159,2009,RCB,PBKS,RCB,Kingsmead,
160,2009,DCH,RR,RR,St George's Park,
161,2009,CSK,DCH,CSK,Buffalo Park,
162,2009,KKR,PBKS,PBKS,Eden Gardens Kolkata,
163,2009,RCB,MI,MI,M Chinnaswamy Stadium Bengaluru,
164,2009,RCB,DCH,RCB,Dr DY Patil Stadium Mumbai,
165,2009,KKR,MI,KKR,Eden Gardens Kolkata,
166,2009,DC,DCH,DCH,Feroz Shah Kotla,
167,2009,CSK,DCH,CSK,Dr DY Patil Stadium Mumbai,
168,2009,RCB,MI,MI,Dr DY Patil Stadium Mumbai,
169,2009,CSK,MI,CSK,Dr DY Patil Stadium Mumbai,
170,2009,CSK,RR,CSK,MA Chidambaram Stadium Chennai,
171,2009,PBKS,RCB,RCB,PCA Stadium,
172,2009,DC,RCB,DC,Feroz Shah Kotla,
173,2009,MI,DCH,MI,Brabourne Stadium,
174,2009,KKR,RR,KKR,Eden Gardens Kolkata,
175,2009,PBKS,CSK,CSK,HPCA Stadium Dharamsala,
176,2011,Kochi Tuskers Kerala,RCB,RCB,Nehru Stadium,
177,2011,Kochi Tuskers Kerala,CSK,Kochi Tuskers Kerala,Nehru Stadium,
178,2011,MI,PWI,MI,Wankhede Stadium Mumbai,
179,2011,PWI,PBKS,PWI,Dr DY Patil Stadium Mumbai,
180,2011,DC,MI,MI,Feroz Shah Kotla,
181,2011,RR,DC,RR,Sawai Mansingh Stadium Jaipur,
182,2011,RCB,MI,MI,M Chinnaswamy Stadium Bengaluru,
183,2011,PBKS,CSK,PBKS,PCA Stadium,
184,2011,KKR,DCH,KKR,Eden Gardens Kolkata,
185,2011,DCH,RCB,DCH,Rajiv Gandhi Intl Stadium Hyderabad,
186,2011,RR,KKR,KKR,Sawai Mansingh Stadium Jaipur,
187,2011,MI,Kochi Tuskers Kerala,Kochi Tuskers Kerala,Wankhede Stadium Mumbai,
188,2011,CSK,RCB,CSK,MA Chidambaram Stadium Chennai,
189,2011,DCH,PBKS,PBKS,Rajiv Gandhi Intl Stadium Hyderabad,
190,2011,PWI,DC,DC,Dr DY Patil Stadium Mumbai,
191,2011,KKR,RR,KKR,Eden Gardens Kolkata,
192,2011,PWI,Kochi Tuskers Kerala,PWI,Dr DY Patil Stadium Mumbai,
193,2011,RCB,PWI,RCB,M Chinnaswamy Stadium Bengaluru,
194,2011,RR,MI,RR,Sawai Mansingh Stadium Jaipur,
195,2011,DC,KKR,KKR,Feroz Shah Kotla,
196,2011,Kochi Tuskers Kerala,DCH,DCH,Nehru Stadium,
197,2011,DC,RCB,RCB,Feroz Shah Kotla,
198,2011,PWI,CSK,CSK,Dr DY Patil Stadium Mumbai,
199,2011,CSK,PWI,CSK,MA Chidambaram Stadium Chennai,
200,2011,RR,Kochi Tuskers Kerala,RR,Sawai Mansingh Stadium Jaipur,
201,2011,MI,CSK,MI,Wankhede Stadium Mumbai,
202,2011,DCH,MI,MI,Rajiv Gandhi Intl Stadium Hyderabad,
203,2011,DC,PBKS,DC,Feroz Shah Kotla,
204,2011,KKR,RCB,RCB,Eden Gardens Kolkata,
205,2011,KKR,Kochi Tuskers Kerala,Kochi Tuskers Kerala,Eden Gardens Kolkata,
206,2011,PBKS,RR,PBKS,PCA Stadium,
207,2011,KKR,PBKS,KKR,Eden Gardens Kolkata,
208,2011,RR,PWI,RR,Sawai Mansingh Stadium Jaipur,
209,2011,DCH,PWI,PWI,Rajiv Gandhi Intl Stadium Hyderabad,
210,2011,PBKS,MI,PBKS,PCA Stadium,
211,2011,CSK,DCH,CSK,MA Chidambaram Stadium Chennai,
212,2011,MI,PBKS,MI,Wankhede Stadium Mumbai,
213,2011,DC,Kochi Tuskers Kerala,Kochi Tuskers Kerala,Feroz Shah Kotla,
214,2011,DCH,KKR,KKR,Rajiv Gandhi Intl Stadium Hyderabad,
215,2011,CSK,RR,CSK,MA Chidambaram Stadium Chennai,
216,2011,PWI,MI,MI,Dr DY Patil Stadium Mumbai,
217,2011,Kochi Tuskers Kerala,KKR,Kochi Tuskers Kerala,Nehru Stadium,
218,2011,DCH,DC,DC,Rajiv Gandhi Intl Stadium Hyderabad,
219,2011,RCB,PBKS,RCB,M Chinnaswamy Stadium Bengaluru,
220,2011,KKR,CSK,KKR,Eden Gardens Kolkata,
221,2011,MI,DC,MI,Wankhede Stadium Mumbai,
222,2011,RCB,Kochi Tuskers Kerala,RCB,M Chinnaswamy Stadium Bengaluru,
223,2011,PBKS,PWI,PWI,PCA Stadium,
224,2011,DC,DCH,DCH,Feroz Shah Kotla,
225,2011,Kochi Tuskers Kerala,RR,Kochi Tuskers Kerala,Holkar Cricket Stadium,
226,2011,PBKS,DC,PBKS,HPCA Stadium Dharamsala,
227,2011,MI,DCH,DCH,Wankhede Stadium Mumbai,
228,2011,RCB,KKR,RCB,M Chinnaswamy Stadium Bengaluru,
229,2011,Kochi Tuskers Kerala,PBKS,PBKS,Holkar Cricket Stadium,
230,2011,RR,CSK,CSK,Sawai Mansingh Stadium Jaipur,
231,2011,CSK,RCB,CSK,MA Chidambaram Stadium Chennai,
232,2011,RCB,MI,RCB,MA Chidambaram Stadium Chennai,
233,2011,MI,KKR,MI,Wankhede Stadium Mumbai,
234,2011,RCB,CSK,CSK,Wankhede Stadium Mumbai,
235,2011,KKR,MI,MI,Eden Gardens Kolkata,
236,2011,RCB,CSK,RCB,M Chinnaswamy Stadium Bengaluru,
237,2011,CSK,DC,CSK,MA Chidambaram Stadium Chennai,
238,2011,RR,RCB,RCB,Sawai Mansingh Stadium Jaipur,
239,2011,MI,RR,RR,Wankhede Stadium Mumbai,
240,2011,Kochi Tuskers Kerala,DC,DC,Nehru Stadium,
241,2011,PWI,KKR,KKR,Dr DY Patil Stadium Mumbai,
242,2011,PWI,DCH,DCH,Dr DY Patil Stadium Mumbai,
243,2011,CSK,Kochi Tuskers Kerala,CSK,MA Chidambaram Stadium Chennai,
244,2011,PBKS,RCB,PBKS,HPCA Stadium Dharamsala,
245,2011,PBKS,DCH,DCH,HPCA Stadium Dharamsala,
246,2011,DCH,RR,RR,Rajiv Gandhi Intl Stadium Hyderabad,
247,2011,CSK,KKR,CSK,MA Chidambaram Stadium Chennai,
248,2011,DC,PWI,No Result,Feroz Shah Kotla,
249,2012,CSK,PWI,CSK,MA Chidambaram Stadium Chennai,
250,2012,DCH,DC,DC,Rajiv Gandhi Intl Stadium Hyderabad,
251,2012,PBKS,KKR,KKR,PCA Stadium,
252,2012,RCB,PWI,RCB,M Chinnaswamy Stadium Bengaluru,
253,2012,RR,DCH,RR,Sawai Mansingh Stadium Jaipur,
254,2012,MI,DC,DC,Wankhede Stadium Mumbai,
255,2012,RCB,RR,RR,M Chinnaswamy Stadium Bengaluru,
256,2012,KKR,PBKS,PBKS,Eden Gardens Kolkata,
257,2012,PWI,CSK,PWI,Subrata Roy Sahara Stadium,
258,2012,DC,DCH,DC,Feroz Shah Kotla,
259,2012,KKR,RR,KKR,Eden Gardens Kolkata,
260,2012,PBKS,PWI,PBKS,PCA Stadium,
261,2012,CSK,RCB,CSK,MA Chidambaram Stadium Chennai,
262,2012,CSK,DC,CSK,MA Chidambaram Stadium Chennai,
263,2012,KKR,MI,MI,Eden Gardens Kolkata,
264,2012,PWI,RCB,RCB,Subrata Roy Sahara Stadium,
265,2012,RR,CSK,CSK,Sawai Mansingh Stadium Jaipur,
266,2012,MI,RCB,RCB,Wankhede Stadium Mumbai,
267,2012,DCH,PBKS,PBKS,Rajiv Gandhi Intl Stadium Hyderabad,
268,2012,PWI,RR,RR,Subrata Roy Sahara Stadium,
269,2012,DC,KKR,KKR,Feroz Shah Kotla,
270,2012,RCB,DCH,RCB,M Chinnaswamy Stadium Bengaluru,
271,2012,MI,CSK,MI,Wankhede Stadium Mumbai,
272,2012,PBKS,RR,RR,PCA Stadium,
273,2012,KKR,PWI,KKR,Eden Gardens Kolkata,
274,2012,CSK,DCH,CSK,MA Chidambaram Stadium Chennai,
275,2012,PWI,MI,MI,Subrata Roy Sahara Stadium,
276,2012,RCB,PBKS,PBKS,M Chinnaswamy Stadium Bengaluru,
277,2012,RCB,KKR,KKR,M Chinnaswamy Stadium Bengaluru,
278,2012,DC,CSK,CSK,MA Chidambaram Stadium Chennai,
279,2012,CSK,MI,CSK,M Chinnaswamy Stadium Bengaluru,
280,2012,DC,KKR,KKR,Subrata Roy Sahara Stadium,
281,2012,MI,KKR,KKR,Wankhede Stadium Mumbai,
282,2012,RR,MI,MI,Sawai Mansingh Stadium Jaipur,
283,2012,DCH,RCB,DCH,Rajiv Gandhi Intl Stadium Hyderabad,
284,2012,PWI,KKR,KKR,Subrata Roy Sahara Stadium,
285,2012,PBKS,DC,DC,HPCA Stadium Dharamsala,
286,2012,DCH,RR,DCH,Rajiv Gandhi Intl Stadium Hyderabad,
287,2012,DC,RCB,RCB,Feroz Shah Kotla,
288,2012,PBKS,CSK,PBKS,HPCA Stadium Dharamsala,
289,2012,PBKS,DCH,PBKS,PCA Stadium,
290,2012,DC,PBKS,DC,Feroz Shah Kotla,
291,2012,KKR,CSK,CSK,Eden Gardens Kolkata,
292,2012,RCB,MI,MI,M Chinnaswamy Stadium Bengaluru,
293,2012,RR,DC,DC,Sawai Mansingh Stadium Jaipur,
294,2012,PBKS,RCB,RCB,PCA Stadium,
295,2012,RR,PWI,RR,Sawai Mansingh Stadium Jaipur,
296,2012,MI,PBKS,PBKS,Wankhede Stadium Mumbai,
297,2012,DC,PWI,PWI,Feroz Shah Kotla,
298,2012,CSK,RR,CSK,MA Chidambaram Stadium Chennai,
299,2012,CSK,MI,MI,MA Chidambaram Stadium Chennai,
300,2012,DCH,PWI,DCH,Barabati Stadium,
301,2012,CSK,KKR,KKR,MA Chidambaram Stadium Chennai,
302,2012,MI,DCH,MI,Wankhede Stadium Mumbai,
303,2012,DC,RR,DC,Feroz Shah Kotla,
304,2012,MI,RR,MI,Wankhede Stadium Mumbai,
305,2012,KKR,CSK,KKR,MA Chidambaram Stadium Chennai,
306,2012,DC,CSK,DC,Feroz Shah Kotla,
307,2012,DCH,MI,MI,ACA-VDCA Stadium Visakhapatnam,
308,2012,PWI,PBKS,PWI,Subrata Roy Sahara Stadium,
309,2012,RR,KKR,RR,Sawai Mansingh Stadium Jaipur,
310,2012,DCH,CSK,CSK,ACA-VDCA Stadium Visakhapatnam,
311,2012,RCB,DC,RCB,M Chinnaswamy Stadium Bengaluru,
312,2012,RR,PBKS,RR,Sawai Mansingh Stadium Jaipur,
313,2012,CSK,PBKS,PBKS,MA Chidambaram Stadium Chennai,
314,2012,DC,MI,DC,Feroz Shah Kotla,
315,2012,PWI,DCH,DCH,Subrata Roy Sahara Stadium,
316,2012,PBKS,MI,MI,PCA Stadium,
317,2012,PWI,DC,DC,Subrata Roy Sahara Stadium,
318,2012,KKR,DC,DC,Eden Gardens Kolkata,
319,2012,MI,PWI,PWI,Wankhede Stadium Mumbai,
320,2012,KKR,RCB,KKR,Eden Gardens Kolkata,
321,2012,DCH,KKR,KKR,Barabati Stadium,
322,2012,RR,RCB,RCB,Sawai Mansingh Stadium Jaipur,
323,2013,KKR,PWI,PWI,JSCA International Stadium Complex,
324,2013,KKR,CSK,CSK,Eden Gardens Kolkata,
325,2013,PBKS,PWI,PBKS,PCA Stadium,
326,2013,CSK,PWI,PWI,MA Chidambaram Stadium Chennai,
327,2013,PBKS,KKR,PBKS,PCA Stadium,
328,2013,PBKS,SRH,SRH,PCA Stadium,
329,2013,SRH,KKR,SRH,Rajiv Gandhi Intl Stadium Hyderabad,
330,2013,DC,PBKS,PBKS,Feroz Shah Kotla,
331,2013,RR,PWI,RR,Sawai Mansingh Stadium Jaipur,
332,2013,RCB,SRH,RCB,M Chinnaswamy Stadium Bengaluru,
333,2013,SRH,CSK,CSK,Rajiv Gandhi Intl Stadium Hyderabad,
334,2013,MI,KKR,MI,Wankhede Stadium Mumbai,
335,2013,CSK,SRH,CSK,MA Chidambaram Stadium Chennai,
336,2013,KKR,SRH,KKR,Eden Gardens Kolkata,
337,2013,SRH,DC,SRH,Rajiv Gandhi Intl Stadium Hyderabad,
338,2013,KKR,RR,KKR,Eden Gardens Kolkata,
339,2013,PWI,RCB,RCB,Subrata Roy Sahara Stadium,
340,2013,CSK,PBKS,CSK,MA Chidambaram Stadium Chennai,
341,2013,DC,KKR,DC,Shaheed Veer Narayan Singh International Stadium,
342,2013,SRH,MI,SRH,Rajiv Gandhi Intl Stadium Hyderabad,
343,2013,PWI,CSK,CSK,Subrata Roy Sahara Stadium,
344,2013,MI,PBKS,MI,Wankhede Stadium Mumbai,
345,2013,RR,SRH,RR,Feroz Shah Kotla,
346,2013,CSK,MI,CSK,Feroz Shah Kotla,
347,2013,CSK,MI,MI,Eden Gardens Kolkata,
348,2013,MI,RR,MI,Eden Gardens Kolkata,
349,2013,RCB,PBKS,PBKS,M Chinnaswamy Stadium Bengaluru,
350,2013,CSK,RR,CSK,MA Chidambaram Stadium Chennai,
351,2013,RCB,PWI,RCB,M Chinnaswamy Stadium Bengaluru,
352,2013,DC,MI,DC,Feroz Shah Kotla,
353,2013,RR,PBKS,RR,Sawai Mansingh Stadium Jaipur,
354,2013,PWI,SRH,SRH,MCA Stadium,
355,2013,DC,CSK,CSK,Feroz Shah Kotla,
356,2013,RCB,DC,RCB,M Chinnaswamy Stadium Bengaluru,
357,2013,RR,MI,RR,Sawai Mansingh Stadium Jaipur,
358,2013,PBKS,DC,PBKS,HPCA Stadium Dharamsala,
359,2013,PWI,MI,MI,Subrata Roy Sahara Stadium,
360,2013,SRH,RCB,SRH,Rajiv Gandhi Intl Stadium Hyderabad,
361,2013,SRH,PWI,SRH,Rajiv Gandhi Intl Stadium Hyderabad,
362,2013,MI,PWI,MI,Wankhede Stadium Mumbai,
363,2013,PWI,RR,PWI,Subrata Roy Sahara Stadium,
364,2013,DC,SRH,SRH,Feroz Shah Kotla,
365,2013,PBKS,CSK,CSK,PCA Stadium,
366,2013,MI,DC,MI,Wankhede Stadium Mumbai,
367,2013,RR,KKR,RR,Sawai Mansingh Stadium Jaipur,
368,2013,RCB,KKR,RCB,M Chinnaswamy Stadium Bengaluru,
369,2013,KKR,DC,KKR,Eden Gardens Kolkata,
370,2013,PWI,PBKS,PBKS,Subrata Roy Sahara Stadium,
371,2013,DC,RR,RR,Feroz Shah Kotla,
372,2013,CSK,MI,MI,MA Chidambaram Stadium Chennai,
373,2013,RCB,MI,RCB,M Chinnaswamy Stadium Bengaluru,
374,2013,RCB,RR,RCB,M Chinnaswamy Stadium Bengaluru,
375,2013,SRH,PBKS,SRH,Rajiv Gandhi Intl Stadium Hyderabad,
376,2013,CSK,RCB,CSK,MA Chidambaram Stadium Chennai,
377,2013,RR,DC,RR,Sawai Mansingh Stadium Jaipur,
378,2013,MI,CSK,MI,Wankhede Stadium Mumbai,
379,2013,MI,RCB,MI,Wankhede Stadium Mumbai,
380,2013,RR,RCB,RR,Sawai Mansingh Stadium Jaipur,
381,2013,KKR,PBKS,KKR,Eden Gardens Kolkata,
382,2013,RR,SRH,RR,Sawai Mansingh Stadium Jaipur,
383,2013,CSK,KKR,CSK,MA Chidambaram Stadium Chennai,
384,2013,DC,PWI,DC,Shaheed Veer Narayan Singh International Stadium,
385,2013,KKR,MI,MI,Eden Gardens Kolkata,
386,2013,CSK,DC,CSK,MA Chidambaram Stadium Chennai,
387,2013,MI,RR,MI,Wankhede Stadium Mumbai,
388,2013,PBKS,RCB,PBKS,PCA Stadium,
389,2013,SRH,RR,SRH,Rajiv Gandhi Intl Stadium Hyderabad,
390,2013,PBKS,MI,PBKS,HPCA Stadium Dharamsala,
391,2013,PWI,DC,PWI,Subrata Roy Sahara Stadium,
392,2013,RCB,CSK,RCB,M Chinnaswamy Stadium Bengaluru,
393,2013,DC,RCB,RCB,Feroz Shah Kotla,
394,2013,PWI,KKR,KKR,Subrata Roy Sahara Stadium,
395,2013,RR,CSK,RR,Sawai Mansingh Stadium Jaipur,
396,2013,KKR,RCB,KKR,JSCA International Stadium Complex,
397,2013,PBKS,RR,RR,PCA Stadium,
398,2013,MI,SRH,MI,Wankhede Stadium Mumbai,
399,2014,SRH,RR,RR,Sheikh Zayed Stadium,
400,2014,PBKS,CSK,PBKS,Barabati Stadium,
401,2014,CSK,KKR,CSK,JSCA International Stadium Complex,
402,2014,MI,PBKS,MI,Wankhede Stadium Mumbai,
403,2014,DC,RR,RR,Feroz Shah Kotla,
404,2014,RCB,SRH,RCB,M Chinnaswamy Stadium Bengaluru,
405,2014,DC,CSK,CSK,Feroz Shah Kotla,
406,2014,RR,KKR,RR,"Sardar Patel Stadium, Motera",
407,2014,MI,RCB,MI,Wankhede Stadium Mumbai,
408,2014,DC,KKR,KKR,Feroz Shah Kotla,
409,2014,MI,SRH,SRH,Dubai International Cricket Stadium,
410,2014,DC,PBKS,PBKS,Feroz Shah Kotla,
411,2014,SRH,RCB,SRH,Rajiv Gandhi Intl Stadium Hyderabad,
412,2014,KKR,CSK,KKR,Eden Gardens Kolkata,
413,2014,PBKS,MI,MI,PCA Stadium,
414,2014,KKR,RCB,KKR,Eden Gardens Kolkata,
415,2014,CSK,SRH,SRH,JSCA International Stadium Complex,
416,2014,MI,DC,MI,Wankhede Stadium Mumbai,
417,2014,MI,RR,MI,Wankhede Stadium Mumbai,
418,2014,RCB,CSK,CSK,M Chinnaswamy Stadium Bengaluru,
419,2014,KKR,SRH,KKR,Eden Gardens Kolkata,
420,2014,PBKS,DC,PBKS,PCA Stadium,
421,2014,CSK,MI,CSK,Brabourne Stadium,
422,2014,PBKS,KKR,KKR,Eden Gardens Kolkata,
423,2014,CSK,PBKS,PBKS,Wankhede Stadium Mumbai,
424,2014,KKR,PBKS,KKR,M Chinnaswamy Stadium Bengaluru,
425,2014,SRH,MI,MI,Rajiv Gandhi Intl Stadium Hyderabad,
426,2014,PBKS,RR,PBKS,PCA Stadium,
427,2014,RR,SRH,SRH,"Sardar Patel Stadium, Motera",
428,2014,RCB,PBKS,PBKS,M Chinnaswamy Stadium Bengaluru,
429,2014,DC,SRH,SRH,Feroz Shah Kotla,
430,2014,MI,CSK,CSK,Wankhede Stadium Mumbai,
431,2014,PBKS,KKR,KKR,Barabati Stadium,
432,2014,RCB,RR,RR,M Chinnaswamy Stadium Bengaluru,
433,2014,KKR,MI,KKR,Barabati Stadium,
434,2014,CSK,RR,CSK,JSCA International Stadium Complex,
435,2014,RCB,DC,RCB,M Chinnaswamy Stadium Bengaluru,
436,2014,SRH,PBKS,PBKS,Rajiv Gandhi Intl Stadium Hyderabad,
437,2014,CSK,RCB,RCB,JSCA International Stadium Complex,
438,2014,RR,DC,RR,"Sardar Patel Stadium, Motera",
439,2014,SRH,KKR,KKR,Rajiv Gandhi Intl Stadium Hyderabad,
440,2014,RR,MI,MI,"Sardar Patel Stadium, Motera",
441,2014,SRH,DC,SRH,Dubai International Cricket Stadium,
442,2014,CSK,MI,CSK,Dubai International Cricket Stadium,
443,2014,RR,RCB,RR,Sheikh Zayed Stadium,
444,2014,KKR,PBKS,PBKS,Sheikh Zayed Stadium,
445,2014,DC,MI,DC,Sharjah Cricket Stadium,
446,2014,SRH,CSK,CSK,Sharjah Cricket Stadium,
447,2014,PBKS,RCB,PBKS,Dubai International Cricket Stadium,
448,2014,KKR,RR,RR,Sheikh Zayed Stadium,
449,2014,KKR,DC,DC,Dubai International Cricket Stadium,
450,2014,RCB,MI,RCB,Dubai International Cricket Stadium,
451,2014,MI,KKR,KKR,Sheikh Zayed Stadium,
452,2014,RR,CSK,CSK,Dubai International Cricket Stadium,
453,2014,CSK,DC,CSK,Sheikh Zayed Stadium,
454,2014,RR,PBKS,PBKS,Sharjah Cricket Stadium,
455,2014,DC,RCB,RCB,Sharjah Cricket Stadium,
456,2014,CSK,PBKS,PBKS,Sheikh Zayed Stadium,
457,2014,RCB,KKR,KKR,Sharjah Cricket Stadium,
458,2014,PBKS,SRH,PBKS,Sharjah Cricket Stadium,
459,2015,CSK,MI,MI,Wankhede Stadium Mumbai,
460,2015,MI,SRH,MI,Wankhede Stadium Mumbai,
461,2015,RCB,RR,RCB,MCA Stadium,
462,2015,CSK,RCB,CSK,JSCA International Stadium Complex,
463,2015,MI,CSK,MI,Eden Gardens Kolkata,
464,2015,RCB,PBKS,RCB,M Chinnaswamy Stadium Bengaluru,
465,2015,KKR,MI,KKR,Eden Gardens Kolkata,
466,2015,CSK,DC,CSK,MA Chidambaram Stadium Chennai,
467,2015,PBKS,RR,RR,MCA Stadium,
468,2015,CSK,SRH,CSK,MA Chidambaram Stadium Chennai,
469,2015,KKR,RCB,RCB,Eden Gardens Kolkata,
470,2015,DC,RR,RR,Feroz Shah Kotla,
471,2015,MI,PBKS,PBKS,Wankhede Stadium Mumbai,
472,2015,RR,MI,RR,"Sardar Patel Stadium, Motera",
473,2015,KKR,CSK,KKR,Eden Gardens Kolkata,
474,2015,PBKS,DC,DC,MCA Stadium,
475,2015,SRH,RR,RR,ACA-VDCA Stadium Visakhapatnam,
476,2015,MI,CSK,CSK,Wankhede Stadium Mumbai,
477,2015,SRH,DC,DC,ACA-VDCA Stadium Visakhapatnam,
478,2015,PBKS,KKR,KKR,MCA Stadium,
479,2015,RR,CSK,RR,"Sardar Patel Stadium, Motera",
480,2015,RCB,MI,MI,M Chinnaswamy Stadium Bengaluru,
481,2015,DC,KKR,KKR,Feroz Shah Kotla,
482,2015,RR,PBKS,PBKS,"Sardar Patel Stadium, Motera",
483,2015,SRH,KKR,SRH,ACA-VDCA Stadium Visakhapatnam,
484,2015,RCB,CSK,CSK,M Chinnaswamy Stadium Bengaluru,
485,2015,DC,MI,DC,Feroz Shah Kotla,
486,2015,RR,RCB,RCB,"Sardar Patel Stadium, Motera",
487,2015,CSK,PBKS,CSK,MA Chidambaram Stadium Chennai,
488,2015,DC,RCB,RCB,Feroz Shah Kotla,
489,2015,PBKS,SRH,SRH,PCA Stadium,
490,2015,KKR,DC,KKR,Eden Gardens Kolkata,
491,2015,RCB,RR,No Result,M Chinnaswamy Stadium Bengaluru,
492,2015,CSK,KKR,CSK,MA Chidambaram Stadium Chennai,
493,2015,DC,PBKS,DC,Feroz Shah Kotla,
494,2015,MI,RR,MI,Wankhede Stadium Mumbai,
495,2015,RCB,KKR,RCB,M Chinnaswamy Stadium Bengaluru,
496,2015,SRH,CSK,SRH,Rajiv Gandhi Intl Stadium Hyderabad,
497,2015,PBKS,MI,MI,PCA Stadium,
498,2015,RR,DC,RR,Brabourne Stadium,
499,2015,CSK,RCB,CSK,MA Chidambaram Stadium Chennai,
500,2015,KKR,SRH,KKR,Eden Gardens Kolkata,
501,2015,MI,DC,MI,Wankhede Stadium Mumbai,
502,2015,RCB,SRH,SRH,M Chinnaswamy Stadium Bengaluru,
503,2015,RR,SRH,SRH,Brabourne Stadium,
504,2015,CSK,MI,MI,MA Chidambaram Stadium Chennai,
505,2015,KKR,PBKS,KKR,Eden Gardens Kolkata,
506,2015,DC,SRH,SRH,Shaheed Veer Narayan Singh International Stadium,
507,2015,MI,RCB,RCB,Wankhede Stadium Mumbai,
508,2015,CSK,RR,CSK,MA Chidambaram Stadium Chennai,
509,2015,SRH,PBKS,SRH,Rajiv Gandhi Intl Stadium Hyderabad,
510,2015,DC,CSK,DC,Shaheed Veer Narayan Singh International Stadium,
511,2015,PBKS,RCB,PBKS,PCA Stadium,
512,2015,MI,KKR,MI,Wankhede Stadium Mumbai,
513,2015,SRH,RCB,RCB,Rajiv Gandhi Intl Stadium Hyderabad,
514,2015,PBKS,CSK,CSK,PCA Stadium,
515,2015,RR,KKR,RR,Brabourne Stadium,
516,2015,RCB,DC,No Result,M Chinnaswamy Stadium Bengaluru,
517,2015,SRH,MI,MI,Rajiv Gandhi Intl Stadium Hyderabad,
518,2016,RCB,SRH,SRH,M Chinnaswamy Stadium Bengaluru,
519,2016,GL,SRH,SRH,Feroz Shah Kotla,
520,2016,SRH,KKR,SRH,Feroz Shah Kotla,
521,2016,GL,RCB,RCB,M Chinnaswamy Stadium Bengaluru,
522,2016,DC,RCB,RCB,Shaheed Veer Narayan Singh International Stadium,
523,2016,KKR,SRH,KKR,Eden Gardens Kolkata,
524,2016,GL,MI,GL,Green Park,
525,2016,RPS,PBKS,RPS,ACA-VDCA Stadium Visakhapatnam,
526,2016,DC,SRH,DC,Shaheed Veer Narayan Singh International Stadium,
527,2016,GL,KKR,GL,Green Park,
528,2016,RCB,PBKS,RCB,M Chinnaswamy Stadium Bengaluru,
529,2016,SRH,KKR,KKR,Rajiv Gandhi Intl Stadium Hyderabad,
530,2016,MI,GL,GL,Wankhede Stadium Mumbai,
531,2016,PBKS,RPS,PBKS,PCA Stadium,
532,2016,RCB,DC,DC,M Chinnaswamy Stadium Bengaluru,
533,2016,SRH,MI,SRH,Rajiv Gandhi Intl Stadium Hyderabad,
534,2016,RCB,SRH,RCB,M Chinnaswamy Stadium Bengaluru,
535,2016,PBKS,GL,GL,PCA Stadium,
536,2016,KKR,DC,KKR,Eden Gardens Kolkata,
537,2016,MI,RPS,RPS,Wankhede Stadium Mumbai,
538,2016,GL,PBKS,PBKS,Saurashtra Cricket Association Stadium,
539,2016,DC,PBKS,DC,Feroz Shah Kotla,
540,2016,GL,RPS,GL,Saurashtra Cricket Association Stadium,
541,2016,KKR,MI,MI,Eden Gardens Kolkata,
542,2016,DC,KKR,DC,Feroz Shah Kotla,
543,2016,SRH,RCB,SRH,Rajiv Gandhi Intl Stadium Hyderabad,
544,2016,RPS,GL,GL,MCA Stadium,
545,2016,RPS,KKR,KKR,MCA Stadium,
546,2016,PBKS,MI,MI,PCA Stadium,
547,2016,SRH,RPS,RPS,Rajiv Gandhi Intl Stadium Hyderabad,
548,2016,DC,GL,GL,Feroz Shah Kotla,
549,2016,MI,KKR,MI,Wankhede Stadium Mumbai,
550,2016,RPS,SRH,SRH,ACA-VDCA Stadium Visakhapatnam,
551,2016,PBKS,RCB,RCB,PCA Stadium,
552,2016,KKR,GL,GL,Eden Gardens Kolkata,
553,2016,MI,SRH,SRH,ACA-VDCA Stadium Visakhapatnam,
554,2016,PBKS,DC,PBKS,PCA Stadium,
555,2016,GL,RCB,GL,Saurashtra Cricket Association Stadium,
556,2016,SRH,PBKS,SRH,Rajiv Gandhi Intl Stadium Hyderabad,
557,2016,DC,MI,DC,Feroz Shah Kotla,
558,2016,RPS,RCB,RCB,MCA Stadium,
559,2016,GL,SRH,SRH,Saurashtra Cricket Association Stadium,
560,2016,MI,RCB,MI,Wankhede Stadium Mumbai,
561,2016,PBKS,KKR,KKR,PCA Stadium,
562,2016,RCB,GL,RCB,M Chinnaswamy Stadium Bengaluru,
563,2016,MI,PBKS,PBKS,ACA-VDCA Stadium Visakhapatnam,
564,2016,SRH,DC,DC,Rajiv Gandhi Intl Stadium Hyderabad,
565,2016,RCB,MI,MI,M Chinnaswamy Stadium Bengaluru,
566,2016,KKR,PBKS,KKR,Eden Gardens Kolkata,
567,2016,GL,DC,DC,Saurashtra Cricket Association Stadium,
568,2016,RCB,KKR,KKR,M Chinnaswamy Stadium Bengaluru,
569,2016,RPS,MI,MI,MCA Stadium,
570,2016,SRH,GL,SRH,Rajiv Gandhi Intl Stadium Hyderabad,
571,2016,RCB,RPS,RCB,M Chinnaswamy Stadium Bengaluru,
572,2016,DC,RPS,RPS,Feroz Shah Kotla,
573,2016,KKR,RCB,RCB,Eden Gardens Kolkata,
574,2016,KKR,RPS,KKR,Eden Gardens Kolkata,
575,2016,PBKS,SRH,SRH,PCA Stadium,
576,2016,MI,DC,MI,ACA-VDCA Stadium Visakhapatnam,
577,2016,RPS,DC,RPS,ACA-VDCA Stadium Visakhapatnam,
578,2017,PBKS,RPS,PBKS,Holkar Cricket Stadium,
579,2017,GL,KKR,KKR,Saurashtra Cricket Association Stadium,
580,2017,RPS,MI,RPS,MCA Stadium,
581,2017,SRH,RCB,SRH,Rajiv Gandhi Intl Stadium Hyderabad,
582,2017,GL,RCB,RCB,Saurashtra Cricket Association Stadium,
583,2017,SRH,DC,SRH,Rajiv Gandhi Intl Stadium Hyderabad,
584,2017,PBKS,MI,MI,Holkar Cricket Stadium,
585,2017,KKR,GL,GL,Eden Gardens Kolkata,
586,2017,RCB,DC,RCB,M.Chinnaswamy Stadium,
587,2017,SRH,PBKS,SRH,Rajiv Gandhi Intl Stadium Hyderabad,
588,2017,RCB,RPS,RPS,M Chinnaswamy Stadium Bengaluru,
589,2017,DC,KKR,KKR,Feroz Shah Kotla,
590,2017,KKR,PBKS,KKR,Eden Gardens Kolkata,
591,2017,MI,SRH,MI,Wankhede Stadium Mumbai,
592,2017,RPS,DC,DC,MCA Stadium,
593,2017,MI,GL,MI,Wankhede Stadium Mumbai,
594,2017,DC,PBKS,DC,Feroz Shah Kotla,
595,2017,KKR,SRH,KKR,Eden Gardens Kolkata,
596,2017,GL,RPS,GL,Saurashtra Cricket Association Stadium,
597,2017,RCB,MI,MI,M Chinnaswamy Stadium Bengaluru,
598,2017,MI,RPS,RPS,Wankhede Stadium Mumbai,
599,2017,SRH,KKR,KKR,M Chinnaswamy Stadium Bengaluru,
600,2017,MI,KKR,MI,M Chinnaswamy Stadium Bengaluru,
601,2017,MI,RPS,MI,Rajiv Gandhi Intl Stadium Hyderabad,
602,2017,PBKS,RCB,PBKS,Holkar Cricket Stadium,
603,2017,DC,RCB,RCB,Feroz Shah Kotla,
604,2017,KKR,MI,MI,Eden Gardens Kolkata,
605,2017,RPS,PBKS,RPS,MCA Stadium,
606,2017,GL,DC,DC,Green Park,
607,2017,MI,PBKS,PBKS,Wankhede Stadium Mumbai,
608,2017,DC,RPS,DC,Feroz Shah Kotla,
609,2017,GL,SRH,SRH,Green Park,
610,2017,PBKS,SRH,SRH,PCA Stadium,
611,2017,KKR,DC,KKR,Eden Gardens Kolkata,
612,2017,RCB,GL,GL,M Chinnaswamy Stadium Bengaluru,
613,2017,RPS,KKR,KKR,MCA Stadium,
614,2017,MI,RPS,RPS,Wankhede Stadium Mumbai,
615,2017,KKR,RCB,KKR,Eden Gardens Kolkata,
616,2017,GL,PBKS,PBKS,Saurashtra Cricket Association Stadium,
617,2017,RPS,SRH,RPS,MCA Stadium,
618,2017,MI,DC,MI,Wankhede Stadium Mumbai,
619,2017,MI,KKR,MI,Wankhede Stadium Mumbai,
620,2017,SRH,GL,SRH,Rajiv Gandhi Intl Stadium Hyderabad,
621,2017,PBKS,KKR,PBKS,PCA Stadium,
622,2017,SRH,MI,SRH,Rajiv Gandhi Intl Stadium Hyderabad,
623,2017,PBKS,GL,GL,PCA Stadium,
624,2017,RCB,KKR,KKR,M Chinnaswamy Stadium Bengaluru,
625,2017,DC,MI,MI,Feroz Shah Kotla,
626,2017,SRH,RPS,RPS,Rajiv Gandhi Intl Stadium Hyderabad,
627,2017,RCB,PBKS,PBKS,M Chinnaswamy Stadium Bengaluru,
628,2017,DC,GL,DC,Feroz Shah Kotla,
629,2017,KKR,RPS,RPS,Eden Gardens Kolkata,
630,2017,DC,SRH,DC,Feroz Shah Kotla,
631,2017,RPS,GL,RPS,MCA Stadium,
632,2017,MI,RCB,MI,Wankhede Stadium Mumbai,
633,2017,SRH,KKR,SRH,Rajiv Gandhi Intl Stadium Hyderabad,
634,2017,PBKS,DC,PBKS,PCA Stadium,
635,2017,GL,MI,MI,Saurashtra Cricket Association Stadium,
636,2017,RPS,RCB,RPS,MCA Stadium,
637,2018,RR,PBKS,PBKS,Holkar Cricket Stadium,
638,2018,SRH,RCB,SRH,Rajiv Gandhi Intl Stadium Hyderabad,
639,2018,RR,PBKS,RR,Sawai Mansingh Stadium Jaipur,
640,2018,MI,KKR,MI,Eden Gardens Kolkata,
641,2018,DC,SRH,SRH,Arun Jaitley Stadium Delhi,
642,2018,CSK,RR,RR,Sawai Mansingh Stadium Jaipur,
643,2018,KKR,PBKS,KKR,Holkar Cricket Stadium,
644,2018,DC,RCB,RCB,Arun Jaitley Stadium Delhi,
645,2018,SRH,CSK,CSK,MCA Stadium,
646,2018,MI,RR,RR,Wankhede Stadium Mumbai,
647,2018,PBKS,RCB,RCB,Holkar Cricket Stadium,
648,2018,RR,KKR,KKR,Eden Gardens Kolkata,
649,2018,MI,PBKS,MI,Wankhede Stadium Mumbai,
650,2018,RCB,SRH,RCB,M.Chinnaswamy Stadium,
651,2018,DC,CSK,DC,Arun Jaitley Stadium Delhi,
652,2018,RR,RCB,RR,Sawai Mansingh Stadium Jaipur,
653,2018,PBKS,DC,PBKS,Arun Jaitley Stadium Delhi,
654,2018,SRH,MI,SRH,Wankhede Stadium Mumbai,
655,2018,RCB,CSK,CSK,M.Chinnaswamy Stadium,
656,2018,SRH,PBKS,SRH,Rajiv Gandhi Intl Stadium Hyderabad,
657,2018,DC,KKR,DC,Arun Jaitley Stadium Delhi,
658,2018,CSK,MI,MI,MCA Stadium,
659,2018,SRH,RR,SRH,Sawai Mansingh Stadium Jaipur,
660,2018,RCB,KKR,KKR,M.Chinnaswamy Stadium,
661,2018,CSK,DC,CSK,MCA Stadium,
662,2018,MI,KKR,MI,Wankhede Stadium Mumbai,
663,2018,RCB,CSK,CSK,MCA Stadium,
664,2018,DC,SRH,SRH,Rajiv Gandhi Intl Stadium Hyderabad,
665,2018,CSK,KKR,KKR,Eden Gardens Kolkata,
666,2018,DC,RR,DC,Arun Jaitley Stadium Delhi,
667,2018,RCB,MI,RCB,M.Chinnaswamy Stadium,
668,2018,PBKS,MI,MI,Holkar Cricket Stadium,
669,2018,KKR,RR,KKR,Eden Gardens Kolkata,
670,2018,SRH,KKR,KKR,Rajiv Gandhi Intl Stadium Hyderabad,
671,2018,PBKS,CSK,CSK,MCA Stadium,
672,2018,DC,MI,DC,Arun Jaitley Stadium Delhi,
673,2018,SRH,CSK,CSK,Wankhede Stadium Mumbai,
674,2018,SRH,KKR,SRH,Eden Gardens Kolkata,
675,2018,SRH,CSK,CSK,Wankhede Stadium Mumbai,
676,2018,MI,RCB,MI,Wankhede Stadium Mumbai,
677,2018,KKR,DC,KKR,Eden Gardens Kolkata,
678,2018,PBKS,CSK,PBKS,PCA Stadium,
679,2018,RR,RCB,RR,M.Chinnaswamy Stadium,
680,2018,KKR,CSK,CSK,MA Chidambaram Stadium Chennai,
681,2018,RR,SRH,SRH,Rajiv Gandhi Intl Stadium Hyderabad,
682,2018,RCB,KKR,KKR,Eden Gardens Kolkata,
683,2018,DC,PBKS,PBKS,PCA Stadium,
684,2018,MI,CSK,CSK,Wankhede Stadium Mumbai,
685,2018,MI,RR,RR,Sawai Mansingh Stadium Jaipur,
686,2018,CSK,SRH,CSK,Rajiv Gandhi Intl Stadium Hyderabad,
687,2018,DC,RCB,RCB,M.Chinnaswamy Stadium,
688,2018,KKR,PBKS,PBKS,Eden Gardens Kolkata,
689,2018,CSK,RR,CSK,MCA Stadium,
690,2018,PBKS,SRH,PBKS,PCA Stadium,
691,2018,RR,KKR,KKR,Sawai Mansingh Stadium Jaipur,
692,2018,RR,DC,RR,Sawai Mansingh Stadium Jaipur,
693,2018,MI,DC,DC,Wankhede Stadium Mumbai,
694,2018,PBKS,RCB,RCB,M.Chinnaswamy Stadium,
695,2018,MI,SRH,SRH,Rajiv Gandhi Intl Stadium Hyderabad,
696,2018,KKR,SRH,SRH,Eden Gardens Kolkata,
697,2019,CSK,SRH,SRH,Rajiv Gandhi Intl Stadium Hyderabad,
698,2019,MI,CSK,MI,Rajiv Gandhi Intl Stadium Hyderabad,
699,2019,SRH,DC,DC,ACA-VDCA Stadium Visakhapatnam,
700,2019,DC,CSK,CSK,ACA-VDCA Stadium Visakhapatnam,
701,2019,RCB,PBKS,RCB,M.Chinnaswamy Stadium,
702,2019,KKR,RR,RR,Eden Gardens Kolkata,
703,2019,MI,CSK,MI,MA Chidambaram Stadium Chennai,
704,2019,SRH,RR,RR,Sawai Mansingh Stadium Jaipur,
705,2019,DC,RCB,DC,Arun Jaitley Stadium Delhi,
706,2019,KKR,MI,KKR,Eden Gardens Kolkata,
707,2019,SRH,PBKS,SRH,Rajiv Gandhi Intl Stadium Hyderabad,
708,2019,MI,PBKS,PBKS,PCA Stadium,
709,2019,RCB,CSK,CSK,MA Chidambaram Stadium Chennai,
710,2019,RR,SRH,SRH,Rajiv Gandhi Intl Stadium Hyderabad,
711,2019,MI,RCB,MI,M.Chinnaswamy Stadium,
712,2019,KKR,PBKS,KKR,Eden Gardens Kolkata,
713,2019,DC,CSK,CSK,Arun Jaitley Stadium Delhi,
714,2019,PBKS,RR,PBKS,Sawai Mansingh Stadium Jaipur,
715,2019,DC,MI,DC,Wankhede Stadium Mumbai,
716,2019,SRH,KKR,KKR,Eden Gardens Kolkata,
717,2019,RCB,KKR,KKR,M.Chinnaswamy Stadium,
718,2019,DC,SRH,SRH,Arun Jaitley Stadium Delhi,
719,2019,MI,CSK,MI,Wankhede Stadium Mumbai,
720,2019,RCB,RR,RR,Sawai Mansingh Stadium Jaipur,
721,2019,PBKS,DC,PBKS,PCA Stadium,
722,2019,CSK,RR,CSK,MA Chidambaram Stadium Chennai,
723,2019,SRH,RCB,SRH,Rajiv Gandhi Intl Stadium Hyderabad,
724,2019,CSK,PBKS,CSK,MA Chidambaram Stadium Chennai,
725,2019,KKR,DC,DC,Arun Jaitley Stadium Delhi,
726,2019,MI,SRH,MI,Rajiv Gandhi Intl Stadium Hyderabad,
727,2019,RCB,DC,DC,M.Chinnaswamy Stadium,
728,2019,RR,KKR,KKR,Sawai Mansingh Stadium Jaipur,
729,2019,SRH,PBKS,PBKS,PCA Stadium,
730,2019,SRH,CSK,CSK,MA Chidambaram Stadium Chennai,
731,2019,RCB,CSK,RCB,M.Chinnaswamy Stadium,
732,2019,RR,DC,DC,Sawai Mansingh Stadium Jaipur,
733,2019,PBKS,MI,MI,Wankhede Stadium Mumbai,
734,2019,KKR,CSK,CSK,MA Chidambaram Stadium Chennai,
735,2019,RR,CSK,CSK,Sawai Mansingh Stadium Jaipur,
736,2019,SRH,RCB,RCB,M.Chinnaswamy Stadium,
737,2019,RR,DC,DC,Arun Jaitley Stadium Delhi,
738,2019,PBKS,KKR,KKR,PCA Stadium,
739,2019,MI,SRH,MI,Wankhede Stadium Mumbai,
740,2019,CSK,DC,CSK,MA Chidambaram Stadium Chennai,
741,2019,RCB,RR,No Result,M.Chinnaswamy Stadium,
742,2019,PBKS,RR,PBKS,PCA Stadium,
743,2019,RCB,MI,MI,Wankhede Stadium Mumbai,
744,2019,KKR,SRH,SRH,Rajiv Gandhi Intl Stadium Hyderabad,
745,2019,PBKS,DC,DC,Arun Jaitley Stadium Delhi,
746,2019,MI,RR,RR,Sawai Mansingh Stadium Jaipur,
747,2019,RCB,KKR,RCB,Eden Gardens Kolkata,
748,2019,MI,DC,MI,Arun Jaitley Stadium Delhi,
749,2019,CSK,MI,MI,MA Chidambaram Stadium Chennai,
750,2019,KKR,MI,MI,Wankhede Stadium Mumbai,
751,2019,CSK,PBKS,PBKS,PCA Stadium,
752,2019,DC,SRH,DC,Rajiv Gandhi Intl Stadium Hyderabad,
753,2019,KKR,CSK,CSK,Eden Gardens Kolkata,
754,2019,PBKS,RCB,RCB,PCA Stadium,
755,2019,MI,RR,RR,Wankhede Stadium Mumbai,
756,2019,KKR,DC,DC,Eden Gardens Kolkata,
757,2020,PBKS,CSK,CSK,Dubai International Cricket Stadium,
758,2020,RR,RCB,RCB,Sheikh Zayed Stadium,
759,2020,DC,KKR,DC,Sharjah Cricket Stadium,
760,2020,KKR,PBKS,PBKS,Sharjah Cricket Stadium,
761,2020,CSK,DC,DC,Sharjah Cricket Stadium,
762,2020,DC,RCB,DC,Dubai International Cricket Stadium,
763,2020,RR,SRH,SRH,Dubai International Cricket Stadium,
764,2020,RCB,DC,DC,Sheikh Zayed Stadium,
765,2020,KKR,SRH,KKR,Sheikh Zayed Stadium,
766,2020,MI,RR,MI,Sheikh Zayed Stadium,
767,2020,PBKS,RCB,PBKS,Dubai International Cricket Stadium,
768,2020,KKR,RR,KKR,Dubai International Cricket Stadium,
769,2020,DC,RR,DC,Sharjah Cricket Stadium,
770,2020,MI,PBKS,MI,Sheikh Zayed Stadium,
771,2020,RCB,SRH,SRH,Sharjah Cricket Stadium,
772,2020,KKR,CSK,KKR,Sheikh Zayed Stadium,
773,2020,RR,CSK,RR,Sharjah Cricket Stadium,
774,2020,MI,SRH,SRH,Sharjah Cricket Stadium,
775,2020,KKR,RCB,RCB,Sheikh Zayed Stadium,
776,2020,DC,PBKS,DC,Dubai International Cricket Stadium,
777,2020,MI,CSK,CSK,Sheikh Zayed Stadium,
778,2020,RCB,MI,MI,Sheikh Zayed Stadium,
779,2020,PBKS,SRH,PBKS,Dubai International Cricket Stadium,
780,2020,KKR,DC,KKR,Sheikh Zayed Stadium,
781,2020,MI,KKR,MI,Sheikh Zayed Stadium,
782,2020,SRH,RR,RR,Dubai International Cricket Stadium,
783,2020,PBKS,CSK,CSK,Sheikh Zayed Stadium,
784,2020,MI,PBKS,PBKS,Dubai International Cricket Stadium,
785,2020,SRH,CSK,SRH,Dubai International Cricket Stadium,
786,2020,CSK,MI,MI,Sharjah Cricket Stadium,
787,2020,RR,RCB,RCB,Dubai International Cricket Stadium,
788,2020,KKR,PBKS,KKR,Sheikh Zayed Stadium,
789,2020,SRH,DC,SRH,Dubai International Cricket Stadium,
790,2020,RCB,CSK,RCB,Dubai International Cricket Stadium,
791,2020,KKR,MI,MI,Sheikh Zayed Stadium,
792,2020,PBKS,RR,RR,Sharjah Cricket Stadium,
793,2020,CSK,SRH,CSK,Dubai International Cricket Stadium,
794,2020,DC,MI,MI,Sheikh Zayed Stadium,
795,2020,KKR,RR,KKR,Dubai International Cricket Stadium,
796,2020,RCB,PBKS,PBKS,Sharjah Cricket Stadium,
797,2020,SRH,DC,SRH,Sheikh Zayed Stadium,
798,2020,CSK,RR,RR,Sheikh Zayed Stadium,
799,2020,RCB,SRH,RCB,Dubai International Cricket Stadium,
800,2020,DC,MI,MI,Dubai International Cricket Stadium,
801,2020,KKR,CSK,CSK,Dubai International Cricket Stadium,
802,2020,PBKS,RR,RR,Sheikh Zayed Stadium,
803,2020,MI,SRH,MI,Sharjah Cricket Stadium,
804,2020,DC,CSK,DC,Dubai International Cricket Stadium,
805,2020,RCB,KKR,RCB,Sharjah Cricket Stadium,
806,2020,MI,RR,RR,Sheikh Zayed Stadium,
807,2020,SRH,PBKS,SRH,Dubai International Cricket Stadium,
808,2020,DC,RR,DC,Dubai International Cricket Stadium,
809,2020,RCB,CSK,CSK,Dubai International Cricket Stadium,
810,2020,SRH,KKR,KKR,Sheikh Zayed Stadium,
811,2020,DC,PBKS,PBKS,Dubai International Cricket Stadium,
812,2020,RCB,MI,RCB,Dubai International Cricket Stadium,
813,2020,MI,DC,MI,Dubai International Cricket Stadium,
814,2020,RCB,SRH,SRH,Sheikh Zayed Stadium,
815,2020,DC,SRH,DC,Sheikh Zayed Stadium,
816,2020,DC,MI,MI,Dubai International Cricket Stadium,
817,2021,MI,RCB,RCB,MA Chidambaram Stadium Chennai,
818,2021,CSK,DC,DC,Wankhede Stadium Mumbai,
819,2021,KKR,SRH,KKR,MA Chidambaram Stadium Chennai,
820,2021,RR,MI,MI,Sharjah Cricket Stadium,
821,2021,DC,KKR,KKR,Sharjah Cricket Stadium,
822,2021,SRH,CSK,CSK,Sharjah Cricket Stadium,
823,2021,RCB,PBKS,RCB,Sharjah Cricket Stadium,
824,2021,CSK,RR,RR,"Zayed Cricket Stadium, Abu Dhabi",
825,2021,MI,SRH,MI,"Zayed Cricket Stadium, Abu Dhabi",
826,2021,RCB,KKR,KKR,"Zayed Cricket Stadium, Abu Dhabi",
827,2021,PBKS,DC,DC,Narendra Modi Stadium Ahmedabad,
828,2021,RR,SRH,RR,Arun Jaitley Stadium Delhi,
829,2021,CSK,MI,MI,Arun Jaitley Stadium Delhi,
830,2021,PBKS,RCB,PBKS,Narendra Modi Stadium Ahmedabad,
831,2021,KKR,DC,DC,Narendra Modi Stadium Ahmedabad,
832,2021,RR,MI,MI,Arun Jaitley Stadium Delhi,
833,2021,SRH,CSK,CSK,Arun Jaitley Stadium Delhi,
834,2021,RCB,DC,RCB,Narendra Modi Stadium Ahmedabad,
835,2021,PBKS,KKR,KKR,Narendra Modi Stadium Ahmedabad,
836,2021,SRH,KKR,KKR,Dubai International Cricket Stadium,
837,2021,RCB,MI,RCB,Dubai International Cricket Stadium,
838,2021,PBKS,SRH,PBKS,Sharjah Cricket Stadium,
839,2021,KKR,RR,KKR,Sharjah Cricket Stadium,
840,2021,SRH,DC,DC,Dubai International Cricket Stadium,
841,2021,CSK,MI,CSK,Dubai International Cricket Stadium,
842,2021,RR,RCB,RCB,Dubai International Cricket Stadium,
843,2021,KKR,PBKS,PBKS,Dubai International Cricket Stadium,
844,2021,DC,RCB,RCB,Dubai International Cricket Stadium,
845,2021,RR,SRH,SRH,Dubai International Cricket Stadium,
846,2021,PBKS,MI,MI,"Zayed Cricket Stadium, Abu Dhabi",
847,2021,KKR,CSK,CSK,"Zayed Cricket Stadium, Abu Dhabi",
848,2021,DC,RR,DC,"Zayed Cricket Stadium, Abu Dhabi",
849,2021,MI,KKR,KKR,"Zayed Cricket Stadium, Abu Dhabi",
850,2021,SRH,RCB,SRH,"Zayed Cricket Stadium, Abu Dhabi",
851,2021,CSK,PBKS,PBKS,Dubai International Cricket Stadium,
852,2021,RCB,CSK,CSK,Sharjah Cricket Stadium,
853,2021,DC,KKR,KKR,Sharjah Cricket Stadium,
854,2021,RCB,KKR,KKR,Sharjah Cricket Stadium,
855,2021,DC,CSK,CSK,Dubai International Cricket Stadium,
856,2021,CSK,KKR,CSK,Dubai International Cricket Stadium,
857,2021,RR,PBKS,RR,Dubai International Cricket Stadium,
858,2021,CSK,DC,DC,Dubai International Cricket Stadium,
859,2021,MI,DC,DC,Sharjah Cricket Stadium,
860,2021,CSK,KKR,CSK,Wankhede Stadium Mumbai,
861,2021,PBKS,SRH,SRH,MA Chidambaram Stadium Chennai,
862,2021,PBKS,DC,DC,Wankhede Stadium Mumbai,
863,2021,MI,DC,DC,MA Chidambaram Stadium Chennai,
864,2021,CSK,RR,CSK,Wankhede Stadium Mumbai,
865,2021,CSK,RCB,CSK,Wankhede Stadium Mumbai,
866,2021,PBKS,RR,PBKS,Wankhede Stadium Mumbai,
867,2021,DC,SRH,DC,MA Chidambaram Stadium Chennai,
868,2021,MI,PBKS,PBKS,MA Chidambaram Stadium Chennai,
869,2021,RR,RCB,RCB,Wankhede Stadium Mumbai,
870,2021,KKR,RR,RR,Wankhede Stadium Mumbai,
871,2021,MI,SRH,MI,MA Chidambaram Stadium Chennai,
872,2021,RCB,KKR,RCB,MA Chidambaram Stadium Chennai,
873,2021,DC,RR,RR,Wankhede Stadium Mumbai,
874,2021,PBKS,CSK,CSK,Wankhede Stadium Mumbai,
875,2021,MI,KKR,MI,MA Chidambaram Stadium Chennai,
876,2021,RCB,SRH,RCB,MA Chidambaram Stadium Chennai,
877,2022,MI,DC,DC,"Brabourne Stadium, Mumbai",
878,2022,RCB,PBKS,PBKS,Dr DY Patil Stadium Mumbai,
879,2022,PBKS,MI,PBKS,MCA Stadium,
880,2022,GT,RR,GT,Dr DY Patil Stadium Mumbai,
881,2022,LSG,SRH,LSG,Dr DY Patil Stadium Mumbai,
882,2022,RR,RCB,RCB,Wankhede Stadium Mumbai,
883,2022,MI,KKR,KKR,MCA Stadium,
884,2022,DC,LSG,LSG,Dr DY Patil Stadium Mumbai,
885,2022,PBKS,GT,GT,"Brabourne Stadium, Mumbai",
886,2022,CSK,SRH,SRH,Dr DY Patil Stadium Mumbai,
887,2022,MI,RCB,RCB,MCA Stadium,
888,2022,DC,KKR,DC,"Brabourne Stadium, Mumbai",
889,2022,RR,LSG,RR,Wankhede Stadium Mumbai,
890,2022,GT,SRH,SRH,Dr DY Patil Stadium Mumbai,
891,2022,CSK,RCB,CSK,Dr DY Patil Stadium Mumbai,
892,2022,PBKS,CSK,PBKS,"Brabourne Stadium, Mumbai",
893,2022,RR,RCB,RR,MCA Stadium,
894,2022,GT,DC,GT,MCA Stadium,
895,2022,RR,MI,RR,Dr DY Patil Stadium Mumbai,
896,2022,SRH,GT,GT,Wankhede Stadium Mumbai,
897,2022,RCB,DC,RCB,Wankhede Stadium Mumbai,
898,2022,LSG,MI,LSG,"Brabourne Stadium, Mumbai",
899,2022,KKR,SRH,SRH,"Brabourne Stadium, Mumbai",
900,2022,KKR,MI,KKR,Dr DY Patil Stadium Mumbai,
901,2022,CSK,DC,CSK,Dr DY Patil Stadium Mumbai,
902,2022,PBKS,CSK,PBKS,Wankhede Stadium Mumbai,
903,2022,LSG,MI,LSG,Wankhede Stadium Mumbai,
904,2022,RCB,SRH,SRH,"Brabourne Stadium, Mumbai",
905,2022,GT,KKR,GT,Dr DY Patil Stadium Mumbai,
906,2022,RR,DC,RR,Wankhede Stadium Mumbai,
907,2022,MI,CSK,CSK,Dr DY Patil Stadium Mumbai,
908,2022,PBKS,DC,DC,"Brabourne Stadium, Mumbai",
909,2022,RCB,LSG,RCB,Dr DY Patil Stadium Mumbai,
910,2022,RR,KKR,RR,"Brabourne Stadium, Mumbai",
911,2022,CSK,GT,GT,MCA Stadium,
912,2022,PBKS,SRH,SRH,Dr DY Patil Stadium Mumbai,
913,2022,RR,MI,MI,Dr DY Patil Stadium Mumbai,
914,2022,LSG,DC,LSG,Wankhede Stadium Mumbai,
915,2022,CSK,SRH,CSK,MCA Stadium,
916,2022,RR,KKR,KKR,Wankhede Stadium Mumbai,
917,2022,GT,PBKS,PBKS,Dr DY Patil Stadium Mumbai,
918,2022,RCB,CSK,RCB,MCA Stadium,
919,2022,DC,SRH,DC,"Brabourne Stadium, Mumbai",
920,2022,MI,GT,MI,"Brabourne Stadium, Mumbai",
921,2022,PBKS,RR,RR,Wankhede Stadium Mumbai,
922,2022,LSG,KKR,LSG,MCA Stadium,
923,2022,RCB,SRH,RCB,Wankhede Stadium Mumbai,
924,2022,RCB,GT,GT,"Brabourne Stadium, Mumbai",
925,2022,RR,GT,GT,Eden Gardens Kolkata,
926,2022,LSG,PBKS,LSG,MCA Stadium,
927,2022,KKR,DC,DC,Wankhede Stadium Mumbai,
928,2022,RCB,LSG,RCB,Eden Gardens Kolkata,
929,2022,PBKS,RCB,PBKS,"Brabourne Stadium, Mumbai",
930,2022,KKR,SRH,KKR,MCA Stadium,
931,2022,CSK,GT,GT,Wankhede Stadium Mumbai,
932,2022,RR,LSG,RR,"Brabourne Stadium, Mumbai",
933,2022,DC,PBKS,DC,Dr DY Patil Stadium Mumbai,
934,2022,SRH,MI,SRH,Wankhede Stadium Mumbai,
935,2022,LSG,KKR,LSG,Dr DY Patil Stadium Mumbai,
936,2022,GT,RCB,RCB,Wankhede Stadium Mumbai,
937,2022,CSK,RR,RR,"Brabourne Stadium, Mumbai",
938,2022,DC,MI,MI,Wankhede Stadium Mumbai,
939,2022,CSK,KKR,KKR,Wankhede Stadium Mumbai,
940,2022,LSG,GT,GT,Wankhede Stadium Mumbai,
941,2022,PBKS,KKR,KKR,Wankhede Stadium Mumbai,
942,2022,RR,SRH,RR,MCA Stadium,
943,2022,KKR,RCB,RCB,Dr DY Patil Stadium Mumbai,
944,2022,CSK,LSG,LSG,"Brabourne Stadium, Mumbai",
945,2022,RR,GT,GT,Narendra Modi Stadium Ahmedabad,
946,2022,GT,LSG,GT,MCA Stadium,
947,2022,RR,DC,DC,Dr DY Patil Stadium Mumbai,
948,2022,CSK,MI,MI,Wankhede Stadium Mumbai,
949,2022,RCB,RR,RR,Narendra Modi Stadium Ahmedabad,
950,2022,SRH,PBKS,PBKS,Wankhede Stadium Mumbai,
951,2023,LSG,MI,LSG,Ekana Cricket Stadium Lucknow,
952,2023,MI,CSK,CSK,MA Chidambaram Stadium Chennai,
953,2023,RCB,DC,DC,Arun Jaitley Stadium Delhi,
954,2023,GT,LSG,GT,Narendra Modi Stadium Ahmedabad,
955,2023,PBKS,MI,PBKS,Wankhede Stadium Mumbai,
956,2023,GT,SRH,GT,Narendra Modi Stadium Ahmedabad,
957,2023,CSK,KKR,KKR,MA Chidambaram Stadium Chennai,
958,2023,RCB,RR,RCB,Sawai Mansingh Stadium Jaipur,
959,2023,CSK,DC,CSK,MA Chidambaram Stadium Chennai,
960,2023,RCB,MI,MI,Wankhede Stadium Mumbai,
961,2023,PBKS,KKR,KKR,Eden Gardens Kolkata,
962,2023,RR,SRH,SRH,Sawai Mansingh Stadium Jaipur,
963,2023,PBKS,DC,PBKS,Arun Jaitley Stadium Delhi,
964,2023,SRH,LSG,LSG,Rajiv Gandhi Intl Stadium Hyderabad,
965,2023,MI,GT,MI,Wankhede Stadium Mumbai,
966,2023,KKR,RR,RR,Eden Gardens Kolkata,
967,2023,RR,GT,GT,Sawai Mansingh Stadium Jaipur,
968,2023,RCB,GT,GT,M Chinnaswamy Stadium Bengaluru,
969,2023,SRH,MI,MI,Wankhede Stadium Mumbai,
970,2023,LSG,KKR,LSG,Eden Gardens Kolkata,
971,2023,KKR,SRH,KKR,Rajiv Gandhi Intl Stadium Hyderabad,
972,2023,GT,CSK,CSK,Narendra Modi Stadium Ahmedabad,
973,2023,GT,MI,GT,Narendra Modi Stadium Ahmedabad,
974,2023,MI,LSG,MI,MA Chidambaram Stadium Chennai,
975,2023,CSK,GT,CSK,MA Chidambaram Stadium Chennai,
976,2023,PBKS,RR,RR,HPCA Stadium Dharamsala,
977,2023,SRH,RCB,RCB,Rajiv Gandhi Intl Stadium Hyderabad,
978,2023,DC,PBKS,DC,HPCA Stadium Dharamsala,
979,2023,CSK,DC,CSK,Arun Jaitley Stadium Delhi,
980,2023,RR,SRH,RR,Rajiv Gandhi Intl Stadium Hyderabad,
981,2023,LSG,DC,LSG,Ekana Cricket Stadium Lucknow,
982,2023,PBKS,KKR,PBKS,PCA Stadium,
983,2023,CSK,GT,GT,Narendra Modi Stadium Ahmedabad,
984,2023,GT,LSG,GT,Ekana Cricket Stadium Lucknow,
985,2023,SRH,CSK,CSK,MA Chidambaram Stadium Chennai,
986,2023,KKR,DC,DC,Arun Jaitley Stadium Delhi,
987,2023,RCB,PBKS,RCB,PCA Stadium,
988,2023,LSG,RR,LSG,Sawai Mansingh Stadium Jaipur,
989,2023,MI,SRH,MI,Rajiv Gandhi Intl Stadium Hyderabad,
990,2023,CSK,RCB,CSK,M Chinnaswamy Stadium Bengaluru,
991,2023,GT,RR,RR,Narendra Modi Stadium Ahmedabad,
992,2023,KKR,MI,MI,Wankhede Stadium Mumbai,
993,2023,LSG,PBKS,PBKS,Ekana Cricket Stadium Lucknow,
994,2023,RCB,DC,RCB,M Chinnaswamy Stadium Bengaluru,
995,2023,SRH,KKR,SRH,Eden Gardens Kolkata,
996,2023,PBKS,GT,GT,PCA Stadium,
997,2023,RR,CSK,RR,MA Chidambaram Stadium Chennai,
998,2023,DC,MI,MI,Arun Jaitley Stadium Delhi,
999,2023,RCB,LSG,LSG,M Chinnaswamy Stadium Bengaluru,
1000,2023,PBKS,MI,MI,PCA Stadium,
1001,2023,LSG,CSK,No Result,Ekana Cricket Stadium Lucknow,
1002,2023,DC,GT,DC,Narendra Modi Stadium Ahmedabad,
1003,2023,RCB,LSG,RCB,Ekana Cricket Stadium Lucknow,
1004,2023,RR,MI,MI,Wankhede Stadium Mumbai,
1005,2023,CSK,PBKS,PBKS,MA Chidambaram Stadium Chennai,
1006,2023,SRH,DC,SRH,Arun Jaitley Stadium Delhi,
1007,2023,KKR,GT,GT,Eden Gardens Kolkata,
1008,2023,LSG,PBKS,LSG,PCA Stadium,
1009,2023,RR,CSK,RR,Sawai Mansingh Stadium Jaipur,
1010,2023,KKR,RCB,KKR,M Chinnaswamy Stadium Bengaluru,
1011,2023,GT,MI,GT,Narendra Modi Stadium Ahmedabad,
1012,2023,DC,SRH,DC,Rajiv Gandhi Intl Stadium Hyderabad,
1013,2023,CSK,KKR,CSK,Eden Gardens Kolkata,
1014,2023,RCB,RR,RCB,M Chinnaswamy Stadium Bengaluru,
1015,2023,SRH,LSG,LSG,Ekana Cricket Stadium Lucknow,
1016,2023,RR,DC,RR,Barsapara Stadium Guwahati,
1017,2023,MI,CSK,CSK,Wankhede Stadium Mumbai,
1018,2023,MI,RCB,RCB,M Chinnaswamy Stadium Bengaluru,
1019,2023,CSK,LSG,CSK,MA Chidambaram Stadium Chennai,
1020,2023,DC,GT,GT,Arun Jaitley Stadium Delhi,
1021,2023,PBKS,RR,PBKS,Barsapara Stadium Guwahati,
1022,2023,KKR,RCB,KKR,Eden Gardens Kolkata,
1023,2023,PBKS,SRH,SRH,Rajiv Gandhi Intl Stadium Hyderabad,
1024,2023,GT,KKR,KKR,Narendra Modi Stadium Ahmedabad,
1025,2024,GT,MI,GT,Narendra Modi Stadium Ahmedabad,
1026,2024,CSK,SRH,SRH,Rajiv Gandhi Intl Stadium Hyderabad,
1027,2024,RCB,RR,RR,Sawai Mansingh Stadium Jaipur,
1028,2024,LSG,GT,LSG,Ekana Cricket Stadium Lucknow,
1029,2024,KKR,CSK,CSK,MA Chidambaram Stadium Chennai,
1030,2024,RCB,CSK,CSK,MA Chidambaram Stadium Chennai,
1031,2024,MI,DC,MI,Wankhede Stadium Mumbai,
1032,2024,DC,PBKS,PBKS,PCA New Stadium Mullanpur,
1033,2024,KKR,SRH,KKR,Eden Gardens Kolkata,
1034,2024,RR,LSG,RR,Sawai Mansingh Stadium Jaipur,
1035,2024,LSG,RCB,LSG,M Chinnaswamy Stadium Bengaluru,
1036,2024,KKR,DC,KKR,ACA-VDCA Stadium Visakhapatnam,
1037,2024,MI,RR,RR,Wankhede Stadium Mumbai,
1038,2024,GT,PBKS,PBKS,Narendra Modi Stadium Ahmedabad,
1039,2024,RR,DC,RR,Sawai Mansingh Stadium Jaipur,
1040,2024,SRH,GT,GT,Narendra Modi Stadium Ahmedabad,
1041,2024,LSG,PBKS,LSG,Ekana Cricket Stadium Lucknow,
1042,2024,RCB,KKR,KKR,M Chinnaswamy Stadium Bengaluru,
1043,2024,CSK,GT,CSK,MA Chidambaram Stadium Chennai,
1044,2024,SRH,MI,SRH,Rajiv Gandhi Intl Stadium Hyderabad,
1045,2024,PBKS,RCB,RCB,M Chinnaswamy Stadium Bengaluru,
1046,2024,DC,CSK,DC,ACA-VDCA Stadium Visakhapatnam,
1047,2024,RR,GT,GT,Sawai Mansingh Stadium Jaipur,
1048,2024,RCB,MI,MI,Wankhede Stadium Mumbai,
1049,2024,LSG,DC,DC,Ekana Cricket Stadium Lucknow,
1050,2024,PBKS,RR,RR,PCA New Stadium Mullanpur,
1051,2024,LSG,KKR,KKR,Eden Gardens Kolkata,
1052,2024,CSK,MI,CSK,Wankhede Stadium Mumbai,
1053,2024,SRH,RCB,SRH,M Chinnaswamy Stadium Bengaluru,
1054,2024,KKR,RR,RR,Eden Gardens Kolkata,
1055,2024,GT,DC,DC,Narendra Modi Stadium Ahmedabad,
1056,2024,MI,PBKS,MI,PCA New Stadium Mullanpur,
1057,2024,CSK,LSG,LSG,Ekana Cricket Stadium Lucknow,
1058,2024,SRH,DC,SRH,Arun Jaitley Stadium Delhi,
1059,2024,KKR,RCB,KKR,Eden Gardens Kolkata,
1060,2024,PBKS,GT,GT,PCA New Stadium Mullanpur,
1061,2024,MI,RR,RR,Sawai Mansingh Stadium Jaipur,
1062,2024,SRH,PBKS,SRH,PCA New Stadium Mullanpur,
1063,2024,CSK,LSG,LSG,MA Chidambaram Stadium Chennai,
1064,2024,KKR,LSG,KKR,Ekana Cricket Stadium Lucknow,
1065,2024,CSK,PBKS,CSK,HPCA Stadium Dharamsala,
1066,2024,GT,RCB,RCB,M Chinnaswamy Stadium Bengaluru,
1067,2024,KKR,MI,KKR,Wankhede Stadium Mumbai,
1068,2024,SRH,RR,SRH,Rajiv Gandhi Intl Stadium Hyderabad,
1069,2024,CSK,PBKS,PBKS,MA Chidambaram Stadium Chennai,
1070,2024,MI,LSG,LSG,Ekana Cricket Stadium Lucknow,
1071,2024,DC,KKR,KKR,Eden Gardens Kolkata,
1072,2024,CSK,SRH,CSK,MA Chidambaram Stadium Chennai,
1073,2024,GT,RCB,RCB,Narendra Modi Stadium Ahmedabad,
1074,2024,LSG,RR,RR,Ekana Cricket Stadium Lucknow,
1075,2024,DC,MI,DC,Arun Jaitley Stadium Delhi,
1076,2024,KKR,PBKS,PBKS,Eden Gardens Kolkata,
1077,2024,RCB,SRH,RCB,Rajiv Gandhi Intl Stadium Hyderabad,
1078,2024,DC,GT,DC,Arun Jaitley Stadium Delhi,
1079,2024,DC,RR,DC,Arun Jaitley Stadium Delhi,
1080,2024,LSG,SRH,SRH,Rajiv Gandhi Intl Stadium Hyderabad,
1081,2024,RCB,PBKS,RCB,HPCA Stadium Dharamsala,
1082,2024,GT,CSK,GT,Narendra Modi Stadium Ahmedabad,
1083,2024,KKR,MI,KKR,Eden Gardens Kolkata,
1084,2024,RR,CSK,CSK,MA Chidambaram Stadium Chennai,
1085,2024,RCB,DC,RCB,M Chinnaswamy Stadium Bengaluru,
1086,2024,DC,LSG,DC,Arun Jaitley Stadium Delhi,
1087,2024,RR,PBKS,PBKS,Barsapara Stadium Guwahati,
1088,2024,LSG,MI,LSG,Wankhede Stadium Mumbai,
1089,2024,RCB,CSK,RCB,M Chinnaswamy Stadium Bengaluru,
1090,2024,PBKS,SRH,SRH,Rajiv Gandhi Intl Stadium Hyderabad,
1091,2024,SRH,KKR,KKR,Narendra Modi Stadium Ahmedabad,
1092,2024,RCB,RR,RR,Narendra Modi Stadium Ahmedabad,
1093,2024,SRH,RR,SRH,MA Chidambaram Stadium Chennai,
1094,2024,SRH,MI,MI,Wankhede Stadium Mumbai,
1095,2024,SRH,KKR,KKR,MA Chidambaram Stadium Chennai,
1096,2025,SRH,MI,MI,Wankhede Stadium Mumbai,
1097,2025,DC,GT,GT,Narendra Modi Stadium Ahmedabad,
1098,2025,RCB,PBKS,PBKS,M Chinnaswamy Stadium Bengaluru,
1099,2025,PBKS,RCB,RCB,PCA New Stadium Mullanpur,
1100,2025,CSK,MI,MI,Wankhede Stadium Mumbai,
1101,2025,GT,KKR,GT,Eden Gardens Kolkata,
1102,2025,LSG,RR,LSG,Sawai Mansingh Stadium Jaipur,
1103,2025,SRH,MI,MI,Rajiv Gandhi Intl Stadium Hyderabad,
1104,2025,RCB,RR,RCB,M Chinnaswamy Stadium Bengaluru,
1105,2025,CSK,SRH,SRH,MA Chidambaram Stadium Chennai,
1106,2025,PBKS,KKR,No Result,Eden Gardens Kolkata,
1107,2025,MI,LSG,MI,Wankhede Stadium Mumbai,
1108,2025,DC,RCB,RCB,Arun Jaitley Stadium Delhi,
1109,2025,GT,RR,RR,Sawai Mansingh Stadium Jaipur,
1110,2025,LSG,DC,DC,Ekana Cricket Stadium Lucknow,
1111,2025,KKR,RCB,RCB,Eden Gardens Kolkata,
1112,2025,SRH,RR,SRH,Rajiv Gandhi Intl Stadium Hyderabad,
1113,2025,MI,CSK,CSK,MA Chidambaram Stadium Chennai,
1114,2025,LSG,DC,DC,ACA-VDCA Stadium Visakhapatnam,
1115,2025,PBKS,GT,PBKS,Narendra Modi Stadium Ahmedabad,
1116,2025,RR,KKR,KKR,Barsapara Stadium Guwahati,
1117,2025,SRH,LSG,LSG,Rajiv Gandhi Intl Stadium Hyderabad,
1118,2025,RCB,CSK,RCB,MA Chidambaram Stadium Chennai,
1119,2025,GT,MI,GT,Narendra Modi Stadium Ahmedabad,
1120,2025,SRH,DC,DC,ACA-VDCA Stadium Visakhapatnam,
1121,2025,RR,CSK,RR,Barsapara Stadium Guwahati,
1122,2025,KKR,MI,MI,Wankhede Stadium Mumbai,
1123,2025,LSG,PBKS,PBKS,Ekana Cricket Stadium Lucknow,
1124,2025,RCB,GT,GT,M Chinnaswamy Stadium Bengaluru,
1125,2025,KKR,SRH,KKR,Eden Gardens Kolkata,
1126,2025,LSG,MI,LSG,Ekana Cricket Stadium Lucknow,
1127,2025,DC,CSK,DC,MA Chidambaram Stadium Chennai,
1128,2025,RR,PBKS,RR,PCA New Stadium Mullanpur,
1129,2025,LSG,KKR,LSG,Eden Gardens Kolkata,
1130,2025,SRH,GT,GT,Rajiv Gandhi Intl Stadium Hyderabad,
1131,2025,RCB,MI,RCB,Wankhede Stadium Mumbai,
1132,2025,PBKS,CSK,PBKS,PCA New Stadium Mullanpur,
1133,2025,GT,RR,GT,Narendra Modi Stadium Ahmedabad,
1134,2025,RCB,DC,DC,M Chinnaswamy Stadium Bengaluru,
1135,2025,CSK,KKR,KKR,MA Chidambaram Stadium Chennai,
1136,2025,GT,LSG,LSG,Ekana Cricket Stadium Lucknow,
1137,2025,PBKS,SRH,SRH,Rajiv Gandhi Intl Stadium Hyderabad,
1138,2025,RR,RCB,RCB,Sawai Mansingh Stadium Jaipur,
1139,2025,MI,DC,MI,Arun Jaitley Stadium Delhi,
1140,2025,LSG,CSK,CSK,Ekana Cricket Stadium Lucknow,
1141,2025,PBKS,KKR,PBKS,PCA New Stadium Mullanpur,
1142,2025,DC,RR,DC,Arun Jaitley Stadium Delhi,
1143,2025,SRH,RCB,SRH,Ekana Cricket Stadium Lucknow,
1144,2025,CSK,GT,CSK,Narendra Modi Stadium Ahmedabad,
1145,2025,SRH,KKR,SRH,Arun Jaitley Stadium Delhi,
1146,2025,MI,PBKS,PBKS,Sawai Mansingh Stadium Jaipur,
1147,2025,LSG,RCB,RCB,Ekana Cricket Stadium Lucknow,
1148,2025,PBKS,RCB,RCB,PCA New Stadium Mullanpur,
1149,2025,MI,GT,MI,PCA New Stadium Mullanpur,
1150,2025,MI,PBKS,PBKS,Narendra Modi Stadium Ahmedabad,
1151,2025,RCB,PBKS,RCB,Narendra Modi Stadium Ahmedabad,
1152,2025,PBKS,DC,DC,Sawai Mansingh Stadium Jaipur,
1153,2025,PBKS,RR,PBKS,Sawai Mansingh Stadium Jaipur,
1154,2025,DC,GT,GT,Arun Jaitley Stadium Delhi,
1155,2025,LSG,SRH,SRH,Ekana Cricket Stadium Lucknow,
1156,2025,CSK,RR,RR,Arun Jaitley Stadium Delhi,
1157,2025,MI,DC,MI,Wankhede Stadium Mumbai,
1158,2025,KKR,DC,KKR,Arun Jaitley Stadium Delhi,
1159,2025,CSK,PBKS,PBKS,MA Chidambaram Stadium Chennai,
1160,2025,MI,RR,MI,Sawai Mansingh Stadium Jaipur,
1161,2025,GT,SRH,GT,Narendra Modi Stadium Ahmedabad,
1162,2025,RCB,CSK,RCB,M Chinnaswamy Stadium Bengaluru,
1163,2025,KKR,RR,KKR,Eden Gardens Kolkata,
1164,2025,PBKS,LSG,PBKS,HPCA Stadium Dharamsala,
1165,2025,DC,SRH,No Result,Rajiv Gandhi Intl Stadium Hyderabad,
1166,2025,MI,GT,GT,Wankhede Stadium Mumbai,
1167,2025,KKR,CSK,CSK,Eden Gardens Kolkata,
1168,2025,PBKS,DC,No Result,HPCA Stadium Dharamsala,
1169,2025,LSG,GT,LSG,Narendra Modi Stadium Ahmedabad,
1170,2026,GT,DC,GT,Arun Jaitley Stadium Delhi,2026-04-08
1171,2026,CSK,DC,CSK,MA Chidambaram Stadium Chennai,2026-04-11
1172,2026,RCB,RR,RR,Barsapara Stadium Guwahati,2026-04-10
1173,2026,CSK,PBKS,PBKS,MA Chidambaram Stadium Chennai,2026-04-04
1174,2026,RR,MI,RR,Barsapara Stadium Guwahati,2026-04-07
1175,2026,KKR,LSG,LSG,Eden Gardens Kolkata,2026-04-09
1176,2026,RCB,CSK,RCB,M Chinnaswamy Stadium Bengaluru,2026-04-04
1177,2026,SRH,KKR,SRH,Eden Gardens Kolkata,2026-04-02
1178,2026,GT,PBKS,PBKS,PCA New Stadium Mullanpur,2026-03-31
1179,2026,MI,DC,DC,Arun Jaitley Stadium Delhi,2026-04-04
1180,2026,RR,GT,RR,Narendra Modi Stadium Ahmedabad,2026-04-04
1181,2026,SRH,LSG,LSG,Rajiv Gandhi Intl Stadium Hyderabad,2026-04-05
1182,2026,LSG,DC,DC,Ekana Cricket Stadium Lucknow,2026-04-01
1183,2026,SRH,PBKS,PBKS,PCA New Stadium Mullanpur,2026-04-11
1184,2026,KKR,PBKS,No Result,Eden Gardens Kolkata,2026-04-06
1185,2026,SRH,RCB,RCB,M Chinnaswamy Stadium Bengaluru,2026-03-28
1186,2026,KKR,MI,MI,Wankhede Stadium Mumbai,2026-03-29
1187,2026,CSK,RR,RR,Barsapara Stadium Guwahati,2026-03-30
1188,2026,LSG,GT,GT,Ekana Cricket Stadium Lucknow,2026-04-12
1189,2026,RCB,MI,RCB,Wankhede Stadium Mumbai,2026-04-12
1190,2026,SRH,RR,SRH,Rajiv Gandhi Intl Stadium Hyderabad,2026-04-13
1191,2026,CSK,KKR,CSK,MA Chidambaram Stadium Chennai,2026-04-14
1192,2026,LSG,RCB,RCB,M Chinnaswamy Stadium Bengaluru,2026-04-15
1193,2026,MI,PBKS,PBKS,Wankhede Stadium Mumbai,2026-04-16
1194,2026,KKR,GT,GT,Eden Gardens Kolkata,2026-04-17
1195,2026,RCB,DC,DC,M Chinnaswamy Stadium Bengaluru,2026-04-18
1196,2026,SRH,CSK,SRH,Rajiv Gandhi Intl Stadium Hyderabad,2026-04-18
1197,2026,RR,KKR,KKR,Sawai Mansingh Stadium Jaipur,2026-04-19
1198,2026,PBKS,LSG,PBKS,PCA New Stadium Mullanpur,2026-04-19
1199,2026,MI,GT,MI,Narendra Modi Stadium Ahmedabad,2026-04-20
1200,2026,SRH,DC,SRH,Rajiv Gandhi Intl Stadium Hyderabad,2026-04-21
1201,2026,RR,LSG,RR,Ekana Cricket Stadium Lucknow,2026-04-22
1202,2026,CSK,MI,CSK,MA Chidambaram Stadium Chennai,2026-04-23
1203,2026,GT,RCB,RCB,M Chinnaswamy Stadium Bengaluru,2026-04-24
1204,2026,DC,PBKS,PBKS,Arun Jaitley Stadium Delhi,2026-04-25
1205,2026,RR,SRH,SRH,Sawai Mansingh Stadium Jaipur,2026-04-25
1206,2026,GT,CSK,GT,MA Chidambaram Stadium Chennai,2026-04-26
1207,2026,KKR,LSG,KKR,Ekana Cricket Stadium Lucknow,2026-04-26
1208,2026,RCB,DC,RCB,Arun Jaitley Stadium Delhi,2026-04-27
1209,2026,PBKS,RR,RR,PCA New Stadium Mullanpur,2026-04-28
1210,2008,KKR,DC,No Result,Eden Gardens Kolkata,
1211,2024,SRH,GT,No Result,Rajiv Gandhi Intl Stadium Hyderabad,
1212,2025,KKR,RCB,No Result,M Chinnaswamy Stadium Bengaluru,
1213,2024,KKR,GT,No Result,Narendra Modi Stadium Ahmedabad,
1214,2026,MI,SRH,SRH,Wankhede Stadium Mumbai,2026-04-29
1215,2026,RCB,GT,GT,Narendra Modi Stadium Ahmedabad,2026-04-30
1216,2026,RR,DC,DC,Sawai Mansingh Stadium, Jaipur,2026-05-01
