name,current_team,role,active,avg,strike_rate,wickets,economy,recent_form,vs_opponent_avg,home_boost
Yuzvendra Chahal,PBKS,bowl,1,5.29,43.03,225,8.01,2,1,1
Bhuvneshwar Kumar,RCB,bowl,1,8.74,92.23,208,7.71,2,1,1
Sunil Narine,KKR,bowl,1,17.46,165.85,198,6.8,1.6,1,1
Piyush Chawla,MI,allrounder,0,13,107.59,192,7.98,1.6,1,1
Ravichandran Ashwin,CSK,allrounder,0,14.88,114.42,188,7.05,1.8,1,1
Jasprit Bumrah,MI,bowl,1,10.43,90.12,186,7.29,2.6,1,1
Vivrant Sharma,SRH,bat,0,69,140.82,0,10.57,69,1.41,1
Dwayne Bravo,CSK,allrounder,0,23.28,125.1,183,8.08,1.8,1,1
Vaibhav Suryavanshi,RR,bat,1,38.31,220.36,0,0,40,2.17,1
Amit Mishra,LSG,allrounder,0,17.32,86.59,174,7.3,1.2,1,1
Ravindra Jadeja,RR,allrounder,1,28.11,129.96,175,7.66,1.6,1,1
Lasith Malinga,MI,bowl,0,8.8,85.44,170,7.03,1.8,1,1
Rashid Khan,GT,bowl,1,14.16,159.42,164,7.11,1.4,1,1
Cooper Connolly,PBKS,bat,1,55.75,163.98,0,0,39.67,1.47,1
Heinrich Klaasen,SRH,bat,1,41,165.08,0,0,44.8,1.59,1
Harshal Patel,SRH,bowl,1,8.84,117.6,151,8.92,1.6,1,1
Sandeep Sharma,RR,bowl,1,10,80,151,8.12,1.4,1,1
David Warner,DC,bat,0,42.64,135.43,0,6,56.2,1.35,1
Harbhajan Singh,CSK,allrounder,0,17.35,130.97,150,7.04,1.2,1,1
Ayush Mhatre,CSK,bat,1,33.92,183.75,0,0,34.2,1.76,1
Sai Sudharsan,GT,bat,1,45.9,145.84,0,0,38.6,1.4,1
Trent Boult,MI,bowl,1,8.6,103.62,144,8.46,1.8,1,1
Umesh Yadav,GT,bowl,0,10.95,98.58,144,8.35,1.4,1,1
Rajat Patidar,RCB,bat,1,32.71,161.96,0,0,44.2,1.52,1
Jacob Bethell,RCB,bat,1,33.5,171.79,0,0,33.5,1.72,1
Priyansh Arya,PBKS,bat,1,31.18,196,0,0,26.6,1.85,1
Tim David,RCB,bat,1,36.39,177.84,0,18,26.8,1.67,1
Phil Salt,RCB,bat,1,34,174.48,0,0,29.6,1.7,1
Urvil Patel,CSK,bat,1,22.67,212.5,0,0,22.67,2,1
Kamran Akmal,RR,bat,0,42.67,164.1,0,0,22.6,1.64,1
Mohammad Shami,LSG,bowl,1,5.76,98,138,8.6,1.2,1,1
AB de Villiers,RCB,bat,0,44.66,148.58,0,0,29.8,1.49,1
Morne van Wyk,KKR,bat,0,55.67,123.7,0,0,33.4,1.24,1
Sameer Rizvi,DC,bat,1,30.91,145.93,0,0,44.8,1.4,1
Josh Inglis,LSG,bat,1,30.89,162.58,0,0,37.2,1.57,1
Yashasvi Jaiswal,RR,bat,1,35.66,152.85,0,0,36.8,1.49,1
Hashim Amla,KXIP,bat,0,48.08,138.04,0,0,31.2,1.38,1
Dhruv Jurel,RR,bat,1,29.69,157.12,0,0,35.2,1.53,1
Shubman Gill,GT,bat,1,40.11,139.47,0,0,35.8,1.35,1
Mohit Sharma,GT,bowl,0,9.62,89.29,134,8.59,2,1,1
Mukesh Choudhary,CSK,bowl,1,6,100,19,9.96,28.58,1.54,1
Steve Smith,RR,bat,0,36.69,124.81,0,15,45.4,1.25,1
Angkrish Raghuvanshi,KKR,bat,1,30.14,144.14,0,0,36.4,1.44,1
Axar Patel,DC,allrounder,1,21.37,133.68,133,7.36,1,1,1
Prabhsimran Singh,PBKS,bat,1,27.56,154.38,0,0,37,1.5,1
Ryan Rickelton,MI,bat,1,29.17,152.18,0,0,32.4,1.51,1
Praveer Veer,CSK,bat,0,49,136.11,0,0,24.5,1.36,1
Devon Conway,CSK,bat,0,43.2,136.02,0,0,28.6,1.36,1
KL Rahul,DC,bat,1,45.68,136.84,0,0,26.6,1.33,1
Jake Fraser-McGurk,DC,bat,0,27.5,189.66,0,0,10.8,1.9,1
Faf du Plessis,RCB,bat,0,38.49,132.4,0,16,34.4,1.32,1
Pathum Nissanka,DC,bat,1,25.6,150.59,0,0,31.75,1.48,1
Kagiso Rabada,GT,bowl,1,13.33,108.11,129,8.69,1.2,1,1
Kamindu Mendis,SRH,bat,1,23,133.34,0,0,20,1.82,1
Shaun Marsh,KXIP,bat,0,42.19,130.11,0,0,29.2,1.3,1
Naman Dhir,MI,bat,1,28.74,171.7,0,8.77,19.2,1.71,1
Mahendra Singh Dhoni,CSK,bat,0,41.2,132.63,0,0,27.6,1.33,1
Jonny Bairstow,KXIP,bat,0,36.39,141.74,0,0,26.6,1.42,1
Andre Russell,KKR,allrounder,0,30.87,163.28,123,9.26,2,1,1
Jos Buttler,GT,bat,1,39.69,149.69,0,0,18.2,1.45,1
Murali Vijay,CSK,bat,0,29.43,118.61,0,7.95,44.8,1.19,1
Finn Allen,KKR,bat,1,16.2,192.86,0,0,16.2,1.84,1
Owais Shah,KKR,bat,0,50.6,124.94,0,0,17,1.25,1
Ashutosh Sharma,DC,bat,1,27.47,164.8,0,0,17.4,1.55,1
Rishabh Pant,LSG,bat,1,33.94,147.12,0,0,19.8,1.42,1
Adam Voges,RR,bat,0,45.25,126.57,0,8.14,19.8,1.27,1
Quinton de Kock,MI,bat,1,31.5,135.2,0,0,29.6,1.31,1
Nicholas Pooran,LSG,bat,1,32.11,164.96,0,0,10.8,1.57,1
Atharva Taide,PBKS,bat,0,26,138.3,0,24,29.6,1.38,1
Jitesh Sharma,RCB,bat,1,23.7,153.84,0,0,24.8,1.49,1
Aniket Verma,SRH,bat,1,22,164.71,0,0,14,1.6,1
Jaydev Unadkat,SRH,bowl,1,12.56,118.94,114,8.94,2,1,1
Jason Roy,KKR,bat,0,32.32,133.48,0,0,25,1.33,1
Tilak Varma,MI,bat,1,36.51,147.36,0,7.64,15.8,1.37,1
Michael Hussey,CSK,bat,0,42.06,119.96,0,0,23.2,1.2,1
Shai Hope,CSK,bat,0,26.14,146.4,0,0,23,1.46,1
Shardul Thakur,MI,allrounder,0,13.88,132.14,114,9.03,1.6,1,1
Chris Lynn,KKR,bat,0,35.92,136.45,0,0,17.8,1.36,1
Michael Lumb,RR,bat,0,27.8,140.4,0,0,23,1.4,1
Mohammed Siraj,GT,bowl,0,14,88.19,113,8.44,1,1,1
Karun Nair,DC,bat,1,23.6,131.61,0,0,32.6,1.29,1
Suryakumar Yadav,MI,bat,1,34.36,148.73,0,8,11,1.46,1
Brad Haddin,KKR,bat,0,18,163.64,0,0,18,1.64,1
Ruturaj Gaikwad,CSK,bat,1,38,136.51,0,0,12.6,1.33,1
Shivam Dube,CSK,bat,1,30.97,144.05,0,0,12.4,1.6,1
Manish Pandey,KKR,bat,1,29.42,121.52,0,0,30,1.18,1
Sachin Tendulkar,MI,bat,0,37.05,114.19,0,9.57,26,1.14,1
Salman Butt,KKR,bat,0,27.57,112.21,0,0,36.4,1.12,1
Rinku Singh,KKR,bat,1,30.78,143.48,0,0,17.4,1.37,1
Ben Rohrer,RR,bat,0,27.57,132.19,0,10.29,23.4,1.32,1
Martin Guptill,SRH,bat,0,22.58,137.56,0,0,24.6,1.38,1
Prerak Mankad,LSG,bat,0,32.33,129.33,0,0,19.4,1.29,1
Darren Harris,LSG,bat,0,37,107.77,0,8.67,27.75,1.08,1
Devdutt Padikkal,RCB,bat,1,25.78,129.23,0,0,28.4,1.24,1
Sanju Samson,CSK,bat,1,30.99,140.17,0,0,14,1.36,1
Auqib Nabi,DC,bat,1,4,200,0,10.6,4,2,1
Rajeshwar Sodhi,PBKS,bat,0,4,200,0,0,4,2,1
George Linde,LSG,bat,1,11.5,135.3,0,8.88,16,1.6,1
Abishek Porel,DC,bat,1,25.42,149.89,0,0,15.2,1.46,1
Kyle Mayers,LSG,bat,0,29.15,137.32,0,7.7,16.4,1.37,1
Rachin Ravindra,KKR,bat,1,24.29,143.91,0,3.5,17,1.39,1
Gautam Gambhir,KKR,bat,0,35.14,119.67,0,0,20.6,1.2,1
Ashish Nehra,GT,bowl,0,6.83,65.08,106,7.71,1.8,1,1
Prithvi Shaw,DC,bat,1,23.95,147.47,0,0,15.8,1.43,1
Kane Williamson,SRH,bat,0,38.07,122.95,0,10.33,14.8,1.23,1
Sediqullah Atal,DC,bat,0,22,137.5,0,0,22,1.38,1
Shimron Hetmyer,RR,bat,1,28.17,150.6,0,0,9.4,1.43,1
Kuldeep Yadav,DC,bowl,1,12.12,85.84,107,8.1,1.8,1,1
David Miller,DC,bat,1,36.53,139.27,0,0,8.2,1.34,1
Wriddhiman Saha,GT,bat,0,26.2,123.9,0,0,25.2,1.24,1
Vinay Kumar,KKR,allrounder,0,12.92,107.27,105,8.35,1.4,1,1
Matthew Hayden,CSK,bat,0,39.54,131.94,0,0,6.2,1.32,1
Brendon McCullum,KKR,bat,0,29.11,126.85,0,0,19.6,1.27,1
Sarfaraz Khan,CSK,bat,1,23.61,137.08,0,0,19.4,1.34,1
Usman Khawaja,RR,bat,0,31.75,120.95,0,0,19.4,1.21,1
Zaheer Khan,MI,bowl,0,9.75,82.98,103,7.54,1.4,1,1
Saurabh Tiwary,MI,bat,0,31.12,115.72,0,0,22.4,1.16,1
Rilee Rossouw,DC,bat,0,23.65,147.35,0,0,10.6,1.47,1
Ambati Rayudu,CSK,bat,0,31.06,124.58,0,0,17,1.25,1
Chaminda Silva,Deccan Chargers,bat,0,20,148.15,0,21,13.33,1.48,1
Ishan Kishan,SRH,bat,1,29.46,140.16,0,0,8.4,1.37,1
Dinesh Karthik,RCB,bat,0,28.66,131.35,0,0,13.8,1.31,1
Bhanuka Rajapaksa,PBKS,bat,0,23.08,137.81,0,0,15,1.38,1
Sam Billings,KKR,bat,0,20.12,126.07,0,0,24.8,1.26,1
Evin Lewis,RR,bat,0,27.25,131.06,0,0,14.6,1.31,1
Eklavya Dwivedi,SRH,bat,0,12,160,0,0,12,1.6,1
Varun Chakravarthy,KKR,bowl,1,5.2,54.17,105,7.65,1.8,1,1
Mahela Jayawardene,MI,bat,0,32.29,118.79,0,0,16.4,1.19,1
Swapnil Asnodkar,RR,bat,0,30.21,120.17,0,0,17.6,1.2,1
Alex Hales,KKR,bat,0,24.67,124.37,0,0,20.6,1.24,1
Shreyas Iyer,PBKS,bat,1,34.86,135.27,0,7,6,1.3,1
Sumeet Sohal,DC,bat,0,21.65,118.33,0,0,27.2,1.18,1
Rahul Dravid,RR,bat,0,30.62,113.35,0,0,21.2,1.13,1
Nehal Wadhera,PBKS,bat,1,24.48,140.82,0,7.76,11.6,1.35,1
Ishank Malhotra,CSK,bat,0,7,175,0,23,7,1.75,1
Arshdeep Singh,PBKS,bowl,1,5.17,67.4,103,9.04,2.4,1,1
Rahul Tripathi,KKR,bat,1,26.03,137.85,0,12,11,1.34,1
Mandeep Singh,PBKS,bat,0,21.87,120.31,0,13,24.8,1.2,1
Robin Uthappa,CSK,bat,0,28.97,126.15,0,0,13.4,1.26,1
KS Bharat,RCB,bat,0,28.43,118.45,0,0,18.6,1.18,1
Stephen Fleming,CSK,bat,0,24.5,114.62,0,0,24.8,1.15,1
Subramaniam Badrinath,CSK,bat,0,33.51,115.74,0,0,14.8,1.16,1
Eoin Morgan,KKR,bat,0,26.04,119.05,0,0,20.2,1.19,1
George Bailey,PBKS,bat,0,28.83,120.11,0,0,16.8,1.2,1
Manan Vohra,PBKS,bat,0,24.07,125.49,0,0,18.2,1.25,1
Misbah-ul-Haq,RCB,bat,0,16.71,142.68,0,0,15,1.43,1
Krunal Pandya,RCB,bowl,1,21.48,131.82,101,7.52,1.4,1,1
Dale Steyn,RCB,bowl,0,8.79,102.45,97,6.79,1.6,1,1
Herschelle Gibbs,DC,bat,0,30.55,105.85,0,0,22.2,1.06,1
Simon Katich,RCB,bat,0,30.12,126.18,0,0,9.6,1.26,1
Parthiv Patel,RCB,bat,0,24.55,116.63,0,0,20.8,1.17,1
Luke Pomersbach,RCB,bat,0,30.2,120.32,0,0,12.8,1.2,1
Chris Morris,RR,allrounder,0,24.72,149.64,96,7.92,1.4,1,1
Ishant Sharma,GT,bowl,1,9.5,82.61,96,8.38,1.4,1,1
Gulbadin Naib,DC,bat,0,19,126.67,0,12,19,1.27,1
Rahmanullah Gurbaz,KKR,bat,0,21.35,128.27,0,0,14.8,1.28,1
Ross Taylor,RR,bat,0,26.76,120.07,0,11.08,13.4,1.2,1
Niraj Patel,MI,bat,0,30.25,97.58,0,0,23.4,0.98,1
Dawid Malan,PBKS,bat,0,26,100,0,0,26,1,1
Andrew Blizzard,MI,bat,0,17.14,131.87,0,0,15.4,1.32,1
Anuj Rawat,GT,bat,1,19.88,119.11,0,0,19.6,1.15,1
Anustup Majumdar,PWI,bat,0,21.75,112.99,0,0,21.75,1.13,1
Biplab Samantray,DC,bat,0,31.25,107.76,0,0,15.2,1.08,1
Shane Watson,CSK,allrounder,0,33.16,134.16,92,7.7,2.4,1,1
Avesh Khan,LSG,bowl,1,17,158.14,92,9.18,1.6,1,1
Khaleel Ahmed,CSK,bowl,0,0.5,22.22,92,8.69,1.2,1,1
Kumar Sangakkara,KXIP,bat,0,26.78,118.47,0,0,11.8,1.18,1
Mark Boucher,RCB,bat,0,30.31,123.9,0,0,4.8,1.24,1
Mayank Agarwal,SRH,bat,0,23.83,128.8,0,0,7.6,1.29,1
Siddharth Arora,KKR,bat,0,14,140,0,0,10.5,1.4,1
Debabrata Das,KKR,bat,0,25.33,113.86,0,0,14.8,1.14,1
Donovan Ferreira,RR,bat,1,14.33,126.48,0,0,15.8,1.27,1
Praveen Kumar,MI,allrounder,0,12.14,105.26,90,7.6,1.8,1,1
Abhishek Raut,RR,bat,0,27.71,112.79,0,9,12.4,1.13,1
Rudra Pratap Singh,DC,bowl,0,4.73,66.67,90,7.74,1.4,1,1
Colin Munro,DC,bat,0,19.67,122.92,0,7.5,14.2,1.23,1
Yogesh Takawale,MI,bat,0,24,104.92,0,0,20.8,1.05,1
Faiz Fazal,RR,bat,0,30.5,102.23,0,10,15.6,1.02,1
Nathan McCullum,SRH,bat,0,26,113.04,0,7,13,1.13,1
Pragyan Ojha,MI,bowl,0,2,35.56,89,7.4,1.2,1,1
Sunny Singh,RR,bat,0,14.33,138.71,0,0,8.6,1.39,1
Travis Birt,DC,bat,0,15,127.12,0,0,15,1.27,1
Deepak Chahar,MI,bowl,1,15.38,138.21,89,8.24,1.2,1,1
Kedar Jadhav,CSK,bat,0,25.7,119.37,0,0,8.6,1.19,1
Graeme Smith,RR,bat,0,28.42,106.95,0,0,12,1.07,1
Abu Nechim Pathan,RCB,bat,0,7.8,150,0,9.22,5.4,1.5,1
Dhawal Kulkarni,MI,bowl,0,20.8,92.04,86,8.04,1.8,1,1
Cheteshwar Pujara,CSK,bat,0,22.94,96.77,0,0,22.4,0.97,1
Anmolpreet Singh,SRH,bat,0,15.44,118.8,0,0,15.8,1.19,1
Prasidh Krishna,GT,bowl,1,3,37.5,86,8.87,2.4,1,1
Naman Ojha,SRH,bat,0,22.52,114.26,0,0,11,1.14,1
Dishant Yagnik,RR,bat,0,18.89,119.72,0,0,11,1.2,1
Albie Morkel,CSK,allrounder,0,27.08,136.94,85,8,1.4,1,1
Y Gnaneswara Rao,DC,bat,0,19,105.56,0,7,19,1.06,1
Ripal Patel,DC,bat,0,26.67,105.26,0,6.6,11,1.05,1
Karn Sharma,RCB,allrounder,0,16,114.66,84,8.43,1.4,1,1
Manvinder Singh Bisla,KKR,bat,0,24.18,108.28,0,0,11.2,1.08,1
Priyam Garg,SRH,bat,0,16.06,110.53,0,0,17.8,1.11,1
Matthew Short,CSK,bat,1,19.13,118.61,0,8.93,16.4,1.11,1
Shalabh Rana,DC,bat,0,22.75,110.98,0,6.75,10.4,1.11,1
Abhinav Manohar,SRH,bat,0,15.37,120.16,0,0,12.2,1.2,1
Harry Brook,DC,bat,0,21.11,119.5,0,0,6.8,1.19,1
Narayan Jagadeesan,KKR ,bat,0,20.25,104.52,0,0,16.6,1.05,1
Narayan Jagadeesan,KKR,bat,0,20.25,104.52,0,0,16.6,1.05,1
Siddhesh Lad,MI,bat,0,15,115.38,0,0,15,1.15,1
B Sumanth,DC,bat,0,35,92.11,0,0,8.75,0.92,1
Imran Tahir,CSK,bowl,0,11,89.19,82,7.74,2.2,1,1
Ramnaresh Sarwan,KXIP,bat,0,24.33,93.59,0,0,18.25,0.94,1
Kuldeep Upadhyay,RR,bat,0,12,133.33,0,8.68,6,1.33,1
Matthew Breetzke,LSG,bat,1,14,116.67,0,0,14,1.17,1
Ravi Bishnoi,RR,bowl,1,3.75,65.22,82,8.31,2,1,1
Tatenda Taibu,KKR,bat,0,15.5,119.23,0,0,10.33,1.19,1
Prashant Chopra,RR,bat,0,8,133.33,0,0,8,1.33,1
Manish Juneja,MI,bat,0,20.83,93.28,0,0,19.4,0.93,1
Harpreet Singh,PBKS,bat,0,24.6,103.36,0,0,9.4,1.03,1
Vishnu Zol,RCB,bat,0,14.5,111.54,0,0,14.5,1.12,1
Irfan Pathan,SRH,allrounder,0,26.14,116.75,80,7.7,1.2,1,1
Hardik Pandya,MI,bat,1,28.17,146.81,81,9.3,1,1,1
Manhas,DC,bat,0,24.48,105.76,0,6,7,1.06,1
Pat Cummins,SRH,bowl,1,20.4,152.24,79,8.81,1.8,1,1
Bharat Chipli,DC,bat,0,18.67,109.38,0,20,10.6,1.09,1
Suyash Prabhudessai,RCB,bat,0,15.75,111.5,0,0,11.8,1.12,1
Adrian Barath,RCB,bat,0,21,97.67,0,0,14,0.98,1
Josh Philippe,RCB,bat,0,19.5,97.5,0,0,15.6,0.97,1
Ben Dunk,MI,bat,0,13.33,111.11,0,0,13.33,1.11,1
Chirag Gautam,MI,bat,0,18.78,106.96,0,0,10.4,1.07,1
Alex Carey,DC,bat,0,16,110.34,0,0,10.67,1.1,1
Tanush Kotian,RR,bat,0,24,75,0,0,24,0.75,1
Colin Ingram,DC,bat,0,18.64,112.02,0,0,6.8,1.12,1
Michael Klinger,MI,bat,0,18.25,93.59,0,0,18.25,0.94,1
Morne Morkel,KKR,bowl,0,12.6,135.48,77,7.54,1.6,1,1
Aman Hakim Khan,CSK,bat,0,12.78,105.5,0,13,16,1.06,1
Aman Hakim Khan,CSK,bat,0,12.78,105.5,0,13,16,1.06,1
VVS Laxman,SRH,bat,0,18.8,104.06,0,0,10.8,1.04,1
SK Rasheed,CSK,bat,0,14.2,105.97,0,0,14.2,1.06,1
Wasim Jaffer,KXIP,bat,0,18.57,100.78,0,0,12.8,1.01,1
Rob Quiney,RCB,bat,0,14.71,98.1,0,0,18,0.98,1
Aditya Tare,MI,bat,0,15.41,118.95,0,0,4.4,1.19,1
Ankit Yadav,RR,bat,0,9.8,122.5,0,0,7.8,1.23,1
Lakshmipathy Balaji,CSK,bowl,0,6,72,76,7.94,1.2,1,1
Manoj Mishra,DC,bat,0,16.93,111.27,0,0,6.8,1.11,1
Unmukt Chand,DC,bat,0,15,95.54,0,0,18,0.96,1
Rahul Chahar,CSK,bowl,1,8.06,104.04,75,7.78,1.8,1,1
Subramaniam Anirudha,CSK,bat,0,17,112.4,0,0,5,1.12,1
Munaf Patel,MI,bowl,0,9.75,95.12,74,7.52,1.4,1,1
Richard Levi,MI,bat,0,13.83,112.16,0,0,6.6,1.12,1
Mohammad Kaif,RR,bat,0,16.19,100.39,0,0,11,1,1
T Natarajan,DC,bowl,1,4,57.15,71,8.96,1.4,1,1
Kemar Roach,DC,bat,0,10,111.11,0,9.23,10,1.11,1
Anirudh Singh,RR,bat,0,15.75,91.3,0,0,15.75,0.91,1
Sanvir Singh,SRH,bat,0,12.5,113.64,0,0,5,1.14,1
Pradeep Reddy,SRH,bat,0,18.22,98.2,0,0,8.2,0.98,1
Tom Kohler-Cadmore,RR,bat,0,16,88.89,0,0,16,0.89,1
Arshad Khan,GT,bat,1,20.67,140.91,12,11.49,5,1.25,1
Rajat Bhatia,KKR,allrounder,0,13.68,117.93,71,7.44,1.6,1,1
Sunny Goel,PBKS,bat,0,19.82,91.21,0,8.42,10.6,0.91,1
Kartik Sharma,CSK,bat,1,8.33,119.05,0,0,8.33,1.14,1
Mitchell McClenaghan,MI,bowl,0,8.5,116.44,71,8.2,1.2,1,1
Darren Bravo,KKR,bat,0,6,120,0,0,6,1.2,1
Ankit Bawne,RCB,bat,0,12,100,0,0,12,1,1
Prayas Ray Barman,RCB,bat,0,19,76,0,14,19,0.76,1
Ashok Dinda,RCB,bowl,0,3.25,52,69,7.94,1.6,1,1
Shreevats Goswami,RCB,bat,0,16.28,95.44,0,0,9.2,0.95,1
Kieron Pollard,MI,allrounder,0,29.89,140.46,69,8.32,1,1,1
Callum Ferguson,PWI,bat,0,19.6,82.35,0,0,13.2,0.82,1
Tim Seifert,KKR,bat,1,9,118.43,0,0,8.67,1,1
Dasun Shanaka,RR,bat,1,13,100,0,0,8.67,1,1
Damien Martyn,RR,bat,0,19,73.08,0,0,19,0.73,1
Davy Jacobs,MI,bat,0,13.14,91.09,0,0,13.8,0.91,1
Matthew Wade,GT,bat,0,14.08,98.92,0,0,6.8,0.99,1
Parthiv Shah,RR,bat,0,11.5,94.85,0,0,11.6,0.95,1
Sridharan Sriram,RCB,bat,0,15.5,81.58,0,16.33,15.5,0.82,1
Saurav Chauhan,RCB,bat,0,6,112.5,0,0,6,1.12,1
Dinesh Patil,RR,bat,0,13,100,0,0,6.5,1,1
Jofra Archer,RR,bowl,1,13,143.69,67,7.95,1.6,1,1
Raj Angad Bawa,Punjab Kings,bat,0,9.5,105.56,0,0,6.33,1.06,1
Sheldon Jackson,KKR,bat,0,10.17,107.02,0,0,4.6,1.07,1
Luke Ronchi,MI,bat,0,17,91.89,0,0,6.8,0.92,1
Kusal Janith Perera,RR,bat,0,7,107.69,0,0,7,1.08,1
Arun Karthik,CSK,bat,0,12.75,96.23,0,0,8.2,0.96,1
Vishnu Vinod,PBKS,bat,1,9.33,98.25,0,0,9.4,0.97,1
Mustafizur Rahman,KKR,bowl,0,6.5,54.17,65,7.95,1.4,1,1
Paras Dogra,PWI,bat,0,18.14,90.07,0,0,5.6,0.9,1
Jacques Kallis,KKR,allrounder,0,30.34,105.94,65,7.83,1,1,1
Siddharth Trivedi,RR,bowl,0,6,68.85,65,7.49,1,1,1
Mitchell Starc,DC,bowl,0,12.33,92.5,65,8.48,1,1,1
J Arunkumar,RCB,bat,0,11.5,95.83,0,0,7.67,0.96,1
Akshay Kulkarni,RR,bat,0,4.5,112.5,0,0,4.5,1.12,1
Muttiah Muralitharan,CSK,bowl,0,5,66.67,64,6.7,1.2,1,1
Farhaan Behardien,RCB,bat,0,7,107.69,0,0,4.67,1.08,1
Shakib Al Hasan,SRH,allrounder,0,22.08,119.55,63,7.38,1,1,1
Darren Lehmann,RR,bat,0,9,94.74,0,0,9,0.95,1
Mitchell Johnson,MI,bowl,0,12.85,99.4,62,8.02,1.4,1,1
Anrich Nortje,LSG,bowl,1,7,98,61,9.09,1.6,1,1
Ankit Nath,RCB,bat,0,9,90.91,0,0,9.4,0.91,1
James Faulkner,RR,allrounder,0,21.08,129.8,61,8.62,1.2,1,1
Chetan Madan,PBKS,bat,0,15,71.43,0,0,15,0.71,1
Josh Hazlewood,RCB,bowl,1,0,65.52,60,8.29,2.4,1,1
Rassie van der Dussen,RR,bat,0,11,88,0,0,7.33,0.88,1
Kumar Kushagra,GT,bat,1,5.25,100,0,0,5.25,1,1
Sam Curran,RR,allrounder,0,26.24,131.01,59,9.44,1.2,1,1
Nic Maddinson,RCB,bat,0,6.67,95.24,0,0,6.67,0.95,1
Siddarth Kaul,SRH,bowl,0,10,55.56,58,8.59,1.2,1,1
Ishan Jaggi,KKR,bat,0,15.2,76,0,0,8.6,0.76,1
Abhinav Mukund,CSK,bat,0,9.5,82.61,0,0,9.5,0.83,1
Shane Warne,RR,bowl,0,13.2,90.41,57,7.19,1.4,1,1
Liton Das,KKR,bat,0,4,100,0,0,4,1,1
Amit Bilakhia,RR,bat,0,13.8,78.41,0,0,7,0.78,1
Ameya Paunikar,RR,bat,0,9.8,80.33,0,0,9.8,0.8,1
Tom Banton,KKR,bat,0,9,81.82,0,0,9,0.82,1
Aakash Chopra,KKR,bat,0,13.25,70.67,0,0,10.2,0.71,1
Yashpal Singh,RR,bat,0,11.75,70.15,0,0,11.75,0.7,1
Lockie Ferguson,PBKS,bowl,0,36,146.94,54,8.67,1.6,1,1
Tushar Deshpande,RR,bowl,1,17.67,160.61,54,9.96,1.2,1,1
Vinay Yeligati,DC,bat,0,2,100,0,11.44,2,1,1
Mashrafe Mortaza,KKR,bat,0,2,100,0,12.64,2,1,1
Ricky Ponting,KKR,bat,0,11.38,70.54,0,0,10.4,0.71,1
Jason Holder,GT,bowl,1,12.33,123.34,53,8.81,1.6,1,1
Sajid Shaikh,DC,bat,0,6,85.71,0,0,6,0.86,1
Noor Ahmad,CSK,bowl,1,3,56.61,52,8.29,2.4,1,1
Wiaan Mulder,SRH,bat,0,9,75,0,16,9,0.75,1
Manvinder Bisla Rawat,KKR,bat,0,11,78.57,0,0,4.6,0.79,1
Shreyas Gopal,CSK,bowl,1,12.86,106.51,52,8.16,1.4,1,1
Nathan Rimmington,CSK,bat,0,1,100,0,6.67,1,1,1
Abdul Basith,RR,bat,0,1,100,0,0,1,1,1
Shams Mulani,MI,bat,0,1,100,0,10.36,1,1,1
Shivnarine Chanderpaul,RCB,bat,0,8.33,75.76,0,0,8.33,0.76,1
Joe Root,RR,bat,0,10,66.67,0,7.5,10,0.67,1
Ramakrishna Ghosh,CSK,bat,1,0,0,0,0,0,0,0
Nathan Coulter-Nile,MI,bowl,0,8.2,109.33,48,7.57,1.6,1,1
Shahbaz Nadeem,SRH,bowl,0,3.25,44.32,48,7.48,1.4,1,1
Matheesha Pathirana,KKR,bowl,0,0,0,47,8.68,1.8,1,1
Tim Southee,KKR,bowl,0,12,111.11,47,8.43,1.8,1,1
Sumit Kumar,DC,bat,0,9,69.23,0,10.36,6,0.69,1
Shadab Jakati,CSK,bowl,0,28,93.33,47,8.03,1.4,1,1
Ashton Turner,RR,bat,0,4.8,77.42,0,0,4.8,0.77,1
Akila Dananjaya,MI,bat,0,4,80,0,11.28,4,0.8,1
Thalaivan Sargunam,SRH,bat,0,10,58.82,0,0,10,0.59,1
Wanindu Hasaranga,LSG,bowl,0,6.23,85.26,46,8.42,1.2,1,1
Baba Indrajith,KKR,bat,0,7,67.74,0,0,7,0.68,1
Ryan Harris,DC,bowl,0,9.75,104.46,45,7.53,1.8,1,1
Tarun Srivastava,KXIP,bat,0,8,72.73,0,0,2.67,0.73,1
Anil Kumble,RCB,bowl,0,17.5,71.43,45,6.65,1.6,1,1
Sreenath Aravind,RCB,bowl,0,19.67,100,45,8.05,1.6,1,1
Marcus Stoinis,PBKS,bat,1,28.03,145.45,44,9.84,2,1,1
Varun Aaron,GT,bowl,0,16.67,68.49,44,8.6,1.8,1,1
Yash Dhull,DC,bat,0,5.33,69.57,0,0,5.33,0.7,1
Devdutt Shorey,DC,bat,0,6.5,65,0,0,6.5,0.65,1
Manoj Tiwari,KKR,bat,0,3,75,0,14,3,0.75,1
Chamara Kapugedera,RCB,bat,0,5.33,66.67,0,17.29,5.33,0.67,1
Nikhil Naik,KKR,bat,0,7.75,58.49,0,0,7.75,0.58,1
Moises Henriques,SRH,allrounder,0,28.57,124.84,42,7.98,1.4,1,1
Vaibhav Arora,KKR,bowl,0,3.33,37.04,42,9.25,1.4,1,1
Yusuf Pathan,SRH,allrounder,0,32.55,138.05,42,7.31,1.4,1,1
Andrew Tye,PBKS,bowl,0,11.38,115.19,42,8.45,1.2,1,1
Mukesh Kumar,DC,bowl,1,10,55.56,41,10.23,2.2,1,1
Virat Singh,SRH,bat,0,7.5,57.69,0,0,7.5,0.58,1
Moeen Ali,CSK,allrounder,0,24.31,134.91,41,7.15,1.6,1,1
Yash Dayal,RCB,bowl,0,1.33,44.44,41,9.21,1.2,1,1
S Sreesanth,RR,bowl,0,11.33,59.65,41,7.74,1.2,1,1
Kulwant Sharma,SRH,bat,0,5.33,64,0,0,5.33,0.64,1
Glenn Maxwell,RCB,allrounder,0,24.96,148.73,41,8.15,1,1,1
Harshit Rana,KKR,bowl,0,14.75,103.51,40,9.25,2,1,1
Iqbal Abdulla,KKR,bowl,0,88,102.33,40,7.16,1.6,1,1
Washington Sundar,GT,allrounder,1,17.51,130.13,40,7.76,1.4,1,1
Parvinder Awana,KXIP,bowl,0,2.5,35.71,39,8.11,1.4,1,1
Doug Bollinger,CSK,bowl,0,21,91.3,38,7.16,1.8,1,1
Pradeep Sangwan,GT,bowl,0,3.71,55.32,38,8.4,1.6,1,1
Marco Jansen,PBKS,bowl,1,12.58,107.86,41,9.28,1.4,1,1
Daniel Christian,RCB,allrounder,0,17.04,112.75,38,7.93,1.2,1,1
Mitchell Marsh,LSG,bat,1,27.3,142.01,37,8.52,1.6,1,1
Mayank Markande,MI,bowl,1,16,114.29,37,9.16,1.6,1,1
Manpreet Gony,CSK,bowl,0,12.38,130.26,37,8.54,1.4,1,1
Shivam Singh,PBKS,bat,0,2,66.67,0,0,2,0.67,1
Yuvraj Singh,MI,allrounder,0,26.23,124.78,36,7.42,1.6,1,1
Maheesh Theekshana,RR,bowl,0,5.67,50,36,8.16,1.4,1,1
Wayne Parnell,RCB,bowl,0,9.29,75.58,36,7.66,1.2,1,1
Murugan Ashwin,PBKS,bowl,0,5.83,70,35,7.9,1.6,1,1
Harpreet Brar,PBKS,bowl,1,20.33,120.2,35,8.03,1.6,1,1
Pawan Negi,RCB,allrounder,0,16.59,121.26,35,7.81,1.4,1,1
Tarun Kohli,PWI,bat,0,5.5,55,0,0,3.67,0.55,1
Peter Handscomb,RCB,bat,0,6,50,0,0,6,0.5,1
Unmukt Birla,RR,bat,0,7,46.67,0,0,7,0.47,1
Lungi Ngidi,DC,bowl,1,3,42.86,36,8.5,1.8,1,1
Kevon Cooper,RR,bowl,0,12.89,165.71,33,7.89,1.4,1,1
Suryansh Shedge,PBKS,bat,1,2.33,63.64,0,13.33,2.33,0.58,1
Rahul Tewatia,GT,bat,1,23.22,136.11,32,7.91,1,1,1
Sai Kishore,GT,bowl,1,4.5,112.5,32,8.86,1.4,1,1
Adam Zampa,RR,bowl,0,5,60,31,8.29,2.6,1,1
Abhishek Tomar,KKR,bat,0,4,50,0,0,4,0.5,1
Thisara Perera,SRH,allrounder,0,20.19,130.06,31,8.65,1.8,1,1
Murali Kartik,KKR,bowl,0,22.6,103.67,31,7.2,1.4,1,1
Chris Jordan,MI,bowl,0,10.12,100,30,9.3,2.2,1,1
Chris Woakes,RCB,bowl,0,15.6,101.3,30,8.73,1.6,1,1
Shivam Mavi,SRH,bowl,1,5.67,91.08,30,8.71,1,1,1
Azhar Mahmood,KXIP,allrounder,0,24.25,124.76,29,7.68,2,1,1
Ajit Agarkar,MI,bowl,0,25.57,111.87,29,8.59,1.6,1,1
Umran Malik,KKR,bowl,1,11.5,143.75,29,9.4,1.2,1,1
Amit Singh,RR,bowl,0,0.5,20,28,7.89,1.8,1,1
Ben Stokes,CSK,allrounder,0,24.61,130.22,28,8.49,1.6,1,1
Pravin Tambe,RR,bowl,0,18,46.15,28,7.71,1.4,1,1
Dirk Nannes,DC,bowl,0,4,30.77,28,7.1,1.2,1,1
Mohsin Khan,LSG,bowl,1,6.25,100,29,8.44,1.2,1,1
Daniel Vettori,RCB,bowl,0,20.17,102.54,28,6.83,1,1,1
Maharoof,DC,bowl,0,22.12,142.74,27,7.24,1.6,1,1
Mitchell Santner,MI,bowl,1,17,110.57,29,7.38,1.6,1,1
Harmeet Singh,RR,bowl,0,9,150,27,7.81,1.4,1,1
Angelo Mathews,KKR,allrounder,0,26.81,120.87,27,8.14,1.2,1,1
Mohit Rathee,RCB,bat,0,1,50,0,14.5,1,0.5,1
Manav Suthar,GT,bat,1,1,50,0,13,1,0.5,1
Dwayne Smith,CSK,allrounder,0,30.19,132.28,26,8.89,1.8,1,1
Younis Khan,RR,bat,0,3,42.86,0,0,3,0.43,1
Tim Paine,RCB,bat,0,5,34.48,0,0,5,0.34,1
Naveen-ul-Haq,KKR,bowl,0,18,69.23,25,8.87,1.8,1,1
Johan Botha,RR,allrounder,0,22.72,112.36,25,6.92,1.2,1,1
Brett Lee,KKR,bowl,0,17.71,121.57,25,7.38,1.2,1,1
Rishi Dhawan,PBKS,bowl,0,23.33,111.7,25,7.98,1.2,1,1
Yash Thakur,PBKS,bowl,1,0,0,25,10.43,1,1,1
Suresh Raina,CSK,allrounder,0,35.49,132.54,25,7.35,1,1,1
Shaun Tait,RR,bowl,0,7.67,88.46,24,7.51,2,1,1
Akash Madhwal,CSK,bowl,1,0,57.15,23,10.06,1.8,1,1
Navdeep Saini,KKR,bowl,1,8.25,89.19,23,8.97,1.6,1,1
Ankit Rajpoot,SRH,bowl,0,6.5,63.41,24,8.93,1,1,1
Robin Minz,MI,bat,1,3,40,0,0,3,0.38,1
Jean-Paul Duminy,MI,allrounder,0,45.09,120.77,23,7.25,1.8,1,1
Brad Hogg,KKR,bowl,0,11,100,23,7.53,1.6,1,1
Hemant Das,DC,bat,0,2,40,0,0,2,0.4,1
Bharat Sharath,RCB,bat,0,2,40,0,0,2,0.4,1
Stuart Binny,RR,allrounder,0,22,125.71,23,7.49,1.4,1,1
Sohail Tanvir,RR,bowl,0,12,116.13,22,6.23,2.8,1,1
Ricky Bhui,SRH,bat,0,2.5,37.04,0,0,2.5,0.37,1
Vyshak Vijaykumar,PBKS,bowl,1,7,116.67,23,10.3,1.8,1,1
Basil Thampi,SRH,bowl,0,32,86.49,22,9.6,1.8,1,1
Suyash Sharma,RCB,bowl,1,0,0,22,8.78,1.6,1,1
Ben Hilfenhaus,CSK,bowl,0,0,0,22,7.65,1.4,1,1
Shahbaz Ahmed,LSG,allrounder,1,19.31,120.69,22,9.65,1.4,1,1
Alzarri Joseph,GT,bowl,0,27,84.38,21,9.34,1.6,1,1
Venugopal Yalaka Mahesh,DC,bowl,0,7.5,53.57,21,8.54,1.4,1,1
Roelof van der Merwe,RCB,bowl,0,15.9,110.42,21,6.79,1.2,1,1
Krishnappa Gowtham,LSG,bowl,0,16.47,155.35,21,8.26,1,1,1
Kane Richardson,RCB,bowl,0,12,92.31,20,8.33,2,1,1
Anshul Kamboj,CSK,bowl,1,27.5,125,23,9.35,2,1,1
Mujeeb Ur Rahman,PBKS,bowl,0,4,80,20,8.08,1.6,1,1
Chetan Sakariya,DC,bowl,0,4,64.52,20,8.13,1.4,1,1
Kartik Tyagi,KKR,bowl,1,4,96,23,9.99,1.2,1,1
Andrew Symonds,MI,allrounder,0,42.35,124.71,20,7.71,1,1,1
Dimitri Mascarenhas,RR,bowl,0,11.29,100,19,7.06,2.2,1,1
Jason Behrendorff,MI,bowl,0,6,66.67,19,8.91,1.6,1,1
Riley Meredith,MI,bowl,0,0,0,19,8.98,1.4,1,1
Barinder Sran,SRH,bowl,0,10,71.43,19,8.92,1.2,1,1
Jagadeesha Suchith,SRH,bowl,0,23.33,112.9,19,8.35,1.2,1,1
Nathan Ellis,CSK,bowl,0,4.75,73.08,19,8.51,1.2,1,1
Eshan Malinga,SRH,bowl,1,0,0,21,9.26,2,1,1
Chaminda Vaas,RR,bowl,0,13.5,110.96,18,7.58,1.8,1,1
Chris Gayle,PBKS,allrounder,0,40.3,142.12,18,7.76,1.6,1,1
Anureet Singh,KXIP,bowl,0,9,76.6,18,8.87,1.4,1,1
Ishwar Pandey,CSK,bowl,0,0,0,18,7.79,1.4,1,1
Mukesh Choudhary,CSK,bowl,1,6,100,19,9.96,2.6,1,1
Ashish Reddy,SRH,bowl,0,21.54,142.86,18,8.89,1,1,1
Cameron Green,KKR,bat,1,37.78,153.27,17,9.46,1,1,1
Dilhara Fernando,MI,bowl,0,4,133.33,17,7.37,1.8,1,1
Brad Hodge,KKR,allrounder,0,35,121.42,17,7.82,1.8,1,1
Deepak Rathi,MI,bowl,0,1,25,17,8.17,1.4,1,1
Bipul Sharma,SRH,bowl,0,37.4,150.81,17,8,1.2,1,1
David Wiese,KKR,bowl,0,29.6,140.95,16,8.74,1.6,1,1
Ravi Rampaul,RCB,bowl,0,10.2,98.08,16,6.88,1.2,1,1
Yusuf Abdulla,KKR,bowl,0,0,0,15,8.41,2.2,1,1
Rohan Gavaskar,KKR,bat,0,2,25,0,8,2,0.25,1
Rohit Sharma,MI,bat,1,29.8,132.61,15,8.02,1.4,1,1
Gerald Coetzee,SRH,bowl,1,5.17,93.94,15,10.37,1.4,1,1
Mohammad Nabi,MI,bowl,0,14.73,140.76,15,7.55,1.2,1,1
Laxmi Ratan Shukla,KKR,allrounder,0,16.2,113.13,15,8.43,1,1,1
Shrivats Goswami Srivastava,RCB,bowl,0,5,100,14,8.71,1.6,1,1
Kyle Jamieson,DC,allrounder,1,16.25,108.34,14,9.67,1.6,1,1
Abraham Thomas,RR,bowl,0,20,105.26,14,7.63,1.6,1,1
Kuldeep Sen,RR,bowl,1,0,0,14,9.63,1.6,1,1
Daniel Sams,MI,bowl,0,4.89,91.67,14,8.14,1.4,1,1
Manoj Bhandage,RCB,bat,0,1,25,0,0,1,0.25,1
James Hopes,DC,allrounder,0,27.8,132.8,14,9.14,1,1,1
Charl Langeveldt,KKR,bowl,0,4,88.89,13,7.24,1.6,1,1
Vipraj Nigam,DC,bowl,1,19.25,179.07,12,9.34,1.6,1,1
Sandeep Lamichhane,DC,bowl,0,0,0,13,8.45,1.6,1,1
Carlos Brathwaite,KKR,bowl,0,15.08,150.83,13,8.66,1.6,1,1
Romario Shepherd,RCB,bowl,1,24.89,200,13,12.36,1.6,1,1
Sanath Jayasuriya,MI,allrounder,0,28.44,134.03,13,7.89,1.4,1,1
Liam Livingstone,SRH,bat,1,25.38,155.17,13,9.02,1.4,1,1
Tom Curran,RR,bowl,0,25.4,117.59,13,10.29,1.4,1,1
Ramesh Powar,MI,bowl,0,33.5,104.69,13,7.29,1.2,1,1
Dushmantha Chameera,DC,bowl,1,13.25,126.2,13,9.73,1,1,1
Karanveer Singh,PBKS,bowl,0,12,70.59,12,9.1,2.4,1,1
Umar Gul,KKR,bowl,0,19.5,205.26,12,7.76,2.4,1,1
Glenn McGrath,DC,bowl,0,4,80,12,6.67,2,1,1
Bhargav Bhatt,RR,bowl,0,6,85.71,12,8.08,2,1,1
Rasikh Salam,RCB,bowl,0,10,100,12,9.96,1.8,1,1
Azmatullah Omarzai,PBKS,bowl,1,12.38,133.79,12,9.69,1.6,1,1
Ryan McLaren,KKR,bowl,0,26.5,89.33,12,9,1.4,1,1
Nandre Burger,RR,bowl,1,3,60,13,8.69,1.4,1,1
Mark Wood,LSG,bowl,0,6,120,11,9.07,2.75,1,1
Azharuddin Ahmed,RCB,bowl,0,36,133.33,12,8.54,1.2,1,1
Ankit Sharma,DC,bowl,0,12.43,126.09,12,7.25,1.2,1,1
Kumar Kartikeya,MI,bowl,0,6,66.67,12,8.52,1.2,1,1
VRV Singh,PBKS,bowl,0,4,133.33,12,8.88,1.2,1,1
Joginder Sharma,CSK,bowl,0,12,120,12,9.29,1,1,1
Arshad Khan,GT,bowl,1,20.67,140.91,12,11.49,1,1,1
James Pattinson,MI,bowl,0,15,115.38,11,8.68,2,1,1
Tymal Mills,RCB,bowl,0,2,57.14,11,9.61,1.8,1,1
Pankaj Singh,RR,bowl,0,3.5,58.33,11,9.11,1.8,1,1
Obed McCoy,RR,bowl,0,8,160,11,8.5,1.8,1,1
Simarjeet Singh,KKR,bowl,0,3.33,66.67,11,9.63,1.8,1,1
Darren Sammy,SRH,bowl,0,21.07,117.53,11,8.7,1.8,1,1
Josh Little,GT,bowl,0,0,0,11,8.67,1.8,1,1
Mohammad Ashraful,RR,bat,0,2,16.67,0,0,2,0.17,1
Shaun Pollock,MI,bowl,0,18.38,126.72,11,6.58,1.6,1,1
Abhishek Sharma,SRH,bat,1,27.44,167.48,11,9.11,1.6,1,1
Ajit Chandila,RR,bowl,0,4,57.14,11,6.28,1.4,1,1
Andrew McDonald,RCB,bowl,0,24.6,119.42,11,8.39,1.4,1,1
Ravi Bopara,PBKS,allrounder,0,31.24,113.46,11,8.48,1.4,1,1
Ashwani Kumar,MI,bowl,1,0,0,15,10.45,1.4,1,1
Samuel Badree,RCB,bowl,0,2.6,52,11,7.51,1.2,1,1
Juan Theron,RR,bowl,0,10,76.92,11,7.94,1.2,1,1
Corey Anderson,MI,allrounder,0,28.32,123.39,11,10,1.2,1,1
Kamran Khan,RR,bowl,0,3,60,10,8.41,2,1,1
Harsh Dubey,SRH,bowl,1,6.5,144.45,10,9.12,1.6,1,1
Ben Laughlin,RR,bowl,0,2.5,38.46,10,9.52,1.6,1,1
Sourav Ganguly,KKR,allrounder,0,26.45,101.73,10,7.93,1.6,1,1
Vikram Pratap Singh,MI,bowl,0,0,0,10,8.53,1.4,1,1
Ben Cutting,MI,bowl,0,23.8,163.01,10,8.96,1.4,1,1
Deepak Hooda,CSK,allrounder,0,19.96,123.41,10,8.44,1.2,1,1
Anukul Roy,KKR,bowl,1,10.83,127.46,10,8.51,1.2,1,1
Nitish Rana,DC,bat,1,27.1,136.04,10,8.44,1.2,1,1
Lalit Yadav,DC,allrounder,0,20.33,101.33,10,8.78,1.2,1,1
Akash Deep,KKR,bowl,0,8.33,178.57,10,11.01,1.2,1,1
Keemo Paul,DC,bowl,0,4.5,69.23,9,7.97,2.25,1,1
Mohit Yadav,CSK,bowl,0,0,0,9,8.74,2.25,1,1
Ali Murtaza,MI,bowl,0,10,71.43,9,7.18,1.8,1,1
Jacob Oram,CSK,bowl,0,13.25,96.36,9,8.9,1.8,1,1
Nuwan Thushara,RCB,bowl,0,0,0,9,8.76,1.8,1,1
Shahid Afridi,DC,bowl,0,10.12,176.09,9,7.69,1.8,1,1
Prasanth Parameswaran,RCB,bowl,0,1,33.33,9,8.53,1.8,1,1
KP Appanna,RCB,bowl,0,2,50,9,7.86,1.6,1,1
Ish Sodhi,RR,bowl,0,3.5,38.89,9,6.73,1.4,1,1
Shane Bond,KKR,bowl,0,1,50,9,7.07,1.4,1,1
Prince Yadav,LSG,bowl,1,0,50,14,9.23,1.4,1,1
Marlon Samuels,DC,bowl,0,16.1,92.53,9,7.81,1.4,1,1
Sachithra Senanayake,KKR,bowl,0,10,58.82,9,6.49,1.2,1,1
James Franklin,MI,allrounder,0,29.73,105.83,9,8.71,1.2,1,1
Beuran Hendricks,MI,bowl,0,1,33.33,9,9.13,1.2,1,1
Akash Singh,LSG,bowl,1,0,0,9,9.54,1.2,1,1
Vijay Shankar,GT,allrounder,0,26.8,125.18,9,8,1.2,1,1
Abhishek Nayar,RR,allrounder,0,22.4,114.29,9,8.11,1,1,1
Riyan Parag,RR,bat,1,25.03,140.99,9,9.64,1,1,1
Sandeep Warrier,MI,bowl,0,0,0,8,8.76,2,1,1
Thilan Thushara,CSK,bowl,0,12,63.16,8,6.83,1.6,1,1
Scott Styris,DC,bowl,0,18.71,97.76,8,7.51,1.6,1,1
Jimmy Neesham,RR,bowl,0,11.5,98.92,8,9.24,1.6,1,1
Adam Milne,RR,bowl,1,5.75,79.32,7,9.48,1.6,1,1
Yudhvir Singh,LSG,bowl,0,7.33,137.5,8,10.63,1.6,1,1
David Hussey,KKR,allrounder,0,30.74,120.07,8,9.01,1.4,1,1
KC Cariappa,RR,bowl,0,8,114.29,8,9.35,1.4,1,1
Isuru Udana,RCB,bowl,0,5,136.36,8,9.43,1.4,1,1
Will Jacks,MI,bat,1,27.24,152.81,8,9.57,1.4,1,1
Ajantha Mendis,KKR,bowl,0,1.5,50,8,7.4,1.4,1,1
Syed Mohammad,RCB,bowl,0,14.5,107.41,8,8.76,1.4,1,1
Ankit Chavan,RR,bowl,0,12,109.09,8,7.98,1.2,1,1
Mohammad Asif,RR,bowl,0,3,50,8,9.26,1.2,1,1
Jayant Yadav,GT,bowl,1,10,111.12,8,6.85,1,1,1
Anand Rajan,DC,bowl,0,0,0,8,7.63,1,1,1
Jesse Ryder,RCB,allrounder,0,23.23,129.61,8,7.82,1,1,1
Makhaya Ntini,CSK,bowl,0,11,57.89,7,7.24,2.33,1,1
Paul Valthaty,KXIP,allrounder,0,24.05,116.9,7,8.12,1.75,1,1
Billy Stanlake,SRH,bowl,0,5,250,7,8,1.75,1,1
Swapnil Singh,RCB,bowl,1,10.2,113.34,7,8.93,1.4,1,1
Harry Gurney,KKR,bowl,0,1,20,7,8.49,1.4,1,1
Gerhard Viljoen,PBKS,bowl,0,1.5,42.86,7,9.41,1.4,1,1
Mohammed Asif,RR,bowl,0,0,0,7,9.73,1.4,1,1
Abhijit Salvi,MI,bowl,0,0,0,7,7.88,1.4,1,1
Pradeep Amarnath,RCB,bowl,0,0,0,7,10.95,1.4,1,1
Nitish Kumar Reddy,SRH,bat,1,28.23,138,9,10.34,1.4,1,1
Abhimanyu Mithun,RCB,bowl,0,6.8,130.77,7,9.17,1.2,1,1
Kevin Pietersen,DC,allrounder,0,38.5,132.06,7,7.27,1.2,1,1
Jerome Taylor,MI,bowl,0,3,75,6,8.21,2,1,1
Saurabh Kaushik,RR,bowl,0,0,0,6,8.69,2,1,1
Ramandeep Singh,KKR,bat,1,19.53,151.04,7,13.43,2,1,1
Jacob Duffy,RCB,bowl,1,0,0,6,11.5,2,1,1
Odean Smith,PBKS,bowl,0,17,102,6,11.31,2,1,1
William O'Rourke,RR,bowl,0,0,0,6,12.38,2,1,1
Rohan Raje,MI,bowl,0,20,111.11,6,8.92,1.5,1,1
Jaskaran Singh,PBKS,bowl,0,8,72.73,6,9.41,1.5,1,1
V Puthur,MI,bowl,0,0,0,6,8.96,1.5,1,1
Dwaine Pretorius,CSK,bowl,0,11,157.14,6,8.75,1.5,1,1
Fazalhaq Farooqi,SRH,bowl,0,5,33.33,6,9.92,1.5,1,1
Sheldon Cottrell,PBKS,bowl,0,0,0,6,8.11,1.5,1,1
Venugopal Rao,SRH,allrounder,0,29.85,113.87,6,9.14,1.5,1,1
B Akhil,RCB,bowl,0,15.2,133.33,6,7.65,1.5,1,1
Zeeshan Ansari,SRH,bowl,1,0,0,6,9.84,1.5,1,1
Colin de Grandhomme,RCB,allrounder,0,21.64,132.31,6,8.43,1.5,1,1
Michael Bracewell,RCB,bowl,0,29,118.37,6,8.64,1.5,1,1
Kulwant Khejroliya,GT,bowl,1,0,0,6,10.62,1.5,1,1
Shivam Dube,CSK,allrounder,0,32.68,136.18,6,10.62,1.5,1,1
Darshan Nalkande,GT,bowl,0,12,100,6,10.11,1.5,1,1
Vikram Singh Malik,DC,bowl,0,7,100,6,7.58,1.2,1,1
Sudeep Tyagi,CSK,bowl,0,3,75,6,8.29,1.2,1,1
David Willey,RCB,bowl,0,26.5,82.81,6,7.52,1.2,1,1
Aiden Markram,LSG,bat,1,30.81,137.28,6,9.59,1.2,1,1
Xavier Bartlett,PBKS,bowl,1,22,110,6,10.23,1.2,1,1
Suraj Randiv,CSK,bowl,0,2,50,6,7.43,1.2,1,1
Tirumalasetti Suman,SRH,allrounder,0,23.31,115.16,6,7.82,1.2,1,1
Virender Sehwag,PBKS,allrounder,0,29.65,148.83,6,10.26,1.2,1,1
Sakib Hussain,SRH,bowl,1,0,0,5,11.2,4,1,1
Shoaib Akhtar,KKR,bowl,0,2,25,5,7.04,2.5,1,1
Marchant de Lange,KKR,bowl,0,1,50,5,8.84,2.5,1,1
Praful Hinge,SRH,bowl,1,0,0,5,11.75,4,1,1
Siddharth Narwal,RR,bowl,0,12.33,127.59,5,10.78,2.5,1,1
Blessing Muzarabani,KKR,bowl,1,0,0,4,10.71,4,1,1
Jamie Overton,CSK,bowl,1,39.33,147.5,8,10.76,2.5,1,1
Gurkeerat Singh Mann,RCB,allrounder,0,23.23,117.2,5,7.1,1.67,1,1
Abhishek Dole,RR,bowl,0,17,147.83,5,9.37,1.67,1,1
Oshane Thomas,RR,bowl,0,0,0,5,8.1,1.67,1,1
Swapnil Wagh,RR,bowl,0,2,66.67,5,8.17,1.67,1,1
Shoaib Ahmed,KKR,bowl,0,1,16.67,5,8.97,1.67,1,1
Hrithik Shokeen,MI,bowl,0,22,98.51,5,9.01,1.67,1,1
Fidel Edwards,RR,bowl,0,4,80,5,6.4,1.25,1,1
Paul Collingwood,DC,bowl,0,67.67,127.67,5,6.73,1.25,1,1
Nuwan Kulasekara,CSK,bowl,0,5,166.67,5,6.84,1.25,1,1
Aniket Choudhary,RCB,bowl,0,25,125,5,8,1.25,1,1
Rohan Gomez,MI,bowl,0,10,94.34,5,8.04,1.25,1,1
Kamlesh Nagarkoti,KKR,bowl,0,5.5,64.71,5,9.31,1.25,1,1
Shivam Ladda,KKR,bowl,0,0,0,5,9.57,1.25,1,1
M Siddharth,LSG,bowl,1,0,0,7,8.74,1.25,1,1
Rahul Shukla,DC,bowl,0,19,82.61,5,10.02,1.25,1,1
Spencer Johnson,CSK,bowl,1,0,72.73,5,10.39,1.25,1,1
Reece Topley,RCB,bowl,0,3,50,5,10.66,1.25,1,1
Tillakaratne Dilshan,RCB,allrounder,0,29.56,110.12,5,8.03,1,1,1
Dewald du Preez,RCB,bowl,0,10,76.92,4,7.81,2,1,1
Shivang Kumar,SRH,bowl,1,7,150,5,8.33,2,1,1
Liam Plunkett,DC,bowl,0,1,33.33,4,8.88,2,1,1
Robin Peterson,MI,bowl,0,32,100,3,8.75,3,1,1
Doug Bracewell,SRH,bowl,0,12,133.33,3,7.68,3,1,1
Rajvardhan Hangargekar,CSK,bowl,0,0,0,3,8.37,3,1,1
Justin Kemp,RR,bowl,0,13,104,3,7.4,3,1,1
Ayush Badoni,LSG,bat,1,26.45,139.4,4,9.22,1.33,1,1
DJ Muthuswami,CSK,bowl,0,1,33.33,4,7.71,1.33,1,1
Shivam Sharma,PBKS,bowl,0,5,166.67,4,8.68,1.33,1,1
Virat Kohli,RCB,bat,1,39.77,133.44,4,8.8,1.33,1,1
Sanjay Bangar,RCB,bowl,0,9.8,84.48,4,8.67,1.33,1,1
Ashok Sharma,GT,bowl,1,0,25,6,10.86,1.33,1,1
Matt Henry,CSK,bowl,1,3.5,70,4,11.52,1.33,1,1
Tristan Stubbs,DC,bat,1,46,156.36,4,11.5,1.33,1,1
Yashpal Nagar,DC,bowl,0,21.92,105.17,4,10.42,1.33,1,1
Parvez Rasool,SRH,bowl,0,8.5,85,4,8.19,1,1,1
Durga Vijaykumar,CSK,bowl,0,1,100,4,7.74,1,1,1
Shikhar Dhawan,PBKS,allrounder,0,38.24,123.45,4,8.82,1,1,1
Wilkin Mota,RR,bowl,0,11.2,73.68,4,7.84,1,1,1
David Thornely,MI,bowl,0,13,72.22,3,5.45,1.5,1,1
Stuart Harwood,RR,bowl,0,9,64.29,3,6.63,1.5,1,1
John Hastings,KKR,bowl,0,0,0,3,6.49,1.5,1,1
Ashok Menaria,RR,allrounder,0,20.05,109.26,3,7.65,1.5,1,1
Shashank Singh,PBKS,bat,1,39.24,159.69,4,9.1,1.5,1,1
Pragyan Sahu,RR,bowl,0,19,146.15,3,8.52,1.5,1,1
Brijesh Sharma,RR,bowl,1,0,33.34,3,8.65,1.5,1,1
Johann van der Wath,RCB,bowl,0,9,105.88,3,10.58,1.5,1,1
Abhinandan Singh,RCB,bowl,1,0,0,3,12.62,1.5,1,1
Rohan Ninan,MI,bowl,0,3,50,3,10.83,1.5,1,1
Krishmar Santokie,MI,bowl,0,0,0,3,10.71,1.5,1,1
Venkatesh Iyer,RCB,bat,1,30.55,138.1,3,10.59,1.5,1,1
Lalit Ablish,DC,bowl,0,0,0,3,10.13,1.5,1,1
Jason Richardson,RCB,bowl,0,5.67,62.96,3,10.34,1.5,1,1
Ravichandran Sathish,MI,bowl,0,19.29,114.41,3,9.71,1,1,1
Tabraiz Shamsi,RR,bowl,0,2,50,3,9.25,1,1,1
George Garton,RCB,bowl,0,2,50,3,8.41,1,1,1
Sikandar Raza,PBKS,bowl,0,26,127.27,3,9.95,1,1,1
Arjun Tendulkar,LSG,bowl,0,13,144.44,3,8.46,1,1,1
Gagandeep Singh,PBKS,bowl,0,0,0,3,10.07,1,1,1
Sachin Baby,RCB,bowl,0,18,117.07,2,4.8,2,1,1
Keshav Maharaj,RR,bowl,0,1,50,2,6.5,2,1,1
Prashant Solanki,KKR,bowl,1,0,0,2,6.33,2,1,1
Scott Boland,CSK,bowl,0,0,0,2,7.81,2,1,1
Vidwath Kaverappa,PBKS,bowl,0,0,0,2,9,2,1,1
Adil Rashid,PBKS,bowl,0,11,129.41,2,9.1,2,1,1
Swapnil Chitnis,MI,bowl,0,16.5,107.61,2,9.79,2,1,1
Scott Kuggeleijn,CSK,bowl,0,0,0,2,8.52,2,1,1
Allah Ghazanfar,MI,bowl,1,0,0,6,9.35,2,1,1
Mangesh Khote,MI,bowl,0,12,109.09,2,10.4,2,1,1
Travis Head,SRH,bat,1,33.05,166.76,2,11.69,2,1,1
Amit Uniyal,RR,bowl,0,4,57.14,2,10.58,2,1,1
David Payne,SRH,bowl,0,6,120,2,13.55,2,1,1
Michael Clarke,PWI,bowl,0,19.6,102.08,2,6.55,1,1,1
Chirag Nanda,RR,bowl,0,0,0,2,6.96,1,1,1
Ryan ten Doeschate,KKR,allrounder,0,27.17,136.97,2,6.8,1,1,1
Mohammad Hafeez,KKR,bowl,0,9.14,76.19,2,6.76,1,1,1
Kusal Mendis,RR,bowl,0,23,127.78,2,8.57,1,1,1
Fabian Allen,MI,bowl,0,7,73.68,2,8.97,1,1,1
Mayank Dagar,SRH,bowl,0,0,0,2,8.91,1,1,1
Andrew Flintoff,CSK,bowl,0,31,108.77,2,9.64,1,1,1
Praveen Dubey,RCB,bowl,0,23,69.7,2,8.51,1,1,1
Prashant Veer,CSK,allrounder,1,0,0,0,0,0,0,0
Richard Gleeson,CSK,bowl,0,2,100,2,9.12,1,1,1
Ankit Soni,GT,bowl,0,3.5,77.78,2,7.77,1,1,1
Akeal Hosein,CSK,bowl,1,16,160,2,8.6,1,1,1
Glenn Phillips,GT,bowl,1,12,121.11,2,8,1,1,1
Nayan Doshi,RR,bowl,0,0,0,2,8.32,1,1,1
Nuwan Zoysa,MI,bowl,0,11,122.22,2,8.7,1,1,1
Corbin Bosch,MI,bowl,1,29,161.12,2,9.25,1,1,1
Shoaib Malik,DC,bowl,0,13,106.12,2,9,1,1,1
Kyle Abbott,DC,bowl,0,13,162.5,2,10.71,1,1,1
Jerome Scantlebury-Searles,PBKS,bowl,0,8,133.33,2,11.87,1,1,1
Luke Wright,PWI,bowl,0,26.5,168.25,2,10,1,1,1
Kwena Maphaka,RR,bowl,1,8,266.67,2,13,1,1,1
Abdul Samad,LSG,bat,1,18.91,147.02,2,13.16,1,1,1
Dayanand Kalyankrishna,DC,bowl,0,3,37.5,2,10.56,1,1,1
Navdeep Singh,PBKS,bowl,0,0,0,1,4.32,1,1,1
Sandesh Mundhe,PWI,bowl,0,0,0,1,5.14,1,1,1
Lee Carseldine,RR,bowl,0,40.5,114.08,1,5.14,1,1,1
Ajinkya Rahane,KKR,bat,1,30.32,125.53,1,5,1,1,1
Hanuma Vihari,SRH,bowl,0,14.95,85.8,1,6.7,1,1,1
Graham Napier,MI,bowl,0,15,93.75,1,7,1,1,1
Tyron Henderson,RR,bowl,0,11,68.75,1,6.83,1,1,1
Dhiraj Salunkhe,MI,bowl,0,33,137.5,1,9.41,1,1,1
Clint McKay,MI,bowl,0,8,53.33,1,8.57,1,1,1
Rovman Powell,KKR,bat,1,22.05,144.78,1,11.67,1,1,1
Sisanda Magala,CSK,bowl,0,0,0,1,8.43,1,1,1
Jeevan Mendis,DC,bowl,0,11.5,85.19,1,7.2,1,1,1
Mahipal Lomror,RCB,allrounder,0,18.17,135.48,1,8.11,1,1,1
Sarvesh Kumar,RR,bowl,0,1,50,1,8.13,1,1,1
Aaron Finch,RCB,allrounder,0,25.83,123.35,1,9.14,1,1,1
D'Arcy Short,RR,bowl,0,23,112.75,1,7.67,1,1,1
Andrew Noffke,RCB,bowl,0,9,75,1,9.84,1,1,1
Ali Murtaza Jhunjhunwala,MI,bowl,0,21.7,99.54,1,8.86,1,1,1
Shahrukh Khan,GT,bat,1,20.73,148.65,1,9.33,1,1,1
Ishan Porel,PBKS,bowl,0,0,0,1,9.69,1,1,1
Doddapaneni Ravi Teja,DC,allrounder,0,20.83,115.38,1,9.33,1,1,1
Sunil Joshi,RCB,bowl,0,6,37.5,1,8.95,1,1,1
Sherfane Rutherford,MI,bat,1,26.32,146.2,1,8.63,1,1,1
Vijayakanth Viyaskanth,SRH,bowl,0,7,140,1,9,1,1,1
Shreevats Sarkar,KKR,bowl,0,0,0,1,8.16,1,1,1
Duan Jansen,MI,bowl,0,0,0,1,11.36,1,1,1
Luke Williams,RR,bowl,0,1,50,1,10.57,1,1,1
Luke Wood,GT,bowl,1,9,300,1,15.5,1,1,1
Shubham Agarwal,RR,bowl,0,0,0,1,10.5,1,1,1
Dewald Brevis,CSK,bat,1,27.56,150.31,1,16,1,1,1
Gurinder Sandhu,DC,bowl,0,0,0,1,10.75,1,1,1
Andre Nel,MI,bowl,0,0,0,1,10.33,1,1,1
Rajesh More,RR,bowl,0,2,100,1,10.22,1,1,1
Brett Geeves,DC,bowl,0,0,0,1,11.14,1,1,1
Daryl Mitchell,CSK,allrounder,0,27,128.1,1,11.41,1,1,1
Gurjapneet Singh,CSK,bowl,1,0,0,2,10.47,1,1,1
Yarra Prithviraj,KKR,bowl,0,0,0,1,10.36,1,1,1
Musheer Khan,PBKS,bowl,1,0,0,1,13.5,1,1,1
Sean Abbott,RR,bowl,0,11,122.22,1,10.58,1,1,1
Lendl Simmons,MI,allrounder,0,41.5,122.89,1,11.33,1,1,1
Cameron White,SRH,allrounder,0,31.32,125.45,1,11.22,1,1,1
Manoj Tiwary,KKR,allrounder,0,31.98,113.83,1,11.07,1,1,1
TP Sudhindra,RCB,bowl,0,0,0,1,11.11,1,1,1
Lukman Meriwala,DC,bowl,0,0,0,1,10.11,1,1,1
PVSN Raju,RR,bowl,0,1,100,1,11.17,1,1,1
S Vidyut,KKR,bowl,0,18.12,126.09,1,10.15,1,1,1
Adam Gilchrist,KXIP,allrounder,0,27.96,133.05,1,0,1,1,1
Michael Neser,PBKS,bat,0,0,0,0,14.88,0,0,1
Sunny Gupta,KKR,bat,0,0,0,0,14.84,0,0,1
RV Pawar,RR,bat,0,0,0,0,0,0,0,1
Abdur Razzak,RR,bat,0,0,0,0,12.43,0,0,1
P Dharmani,PBKS,bat,0,0,0,0,0,0,0,1
Mahesh Parmar,RR,bat,0,0,0,0,10.42,0,0,1
Shamar Joseph,LSG,bat,0,0,0,0,10.2,0,0,1
Chandrasekar Ganapathy,CSK,bat,0,0,0,0,13,0,0,1
Jalaj Saxena,RR,bat,0,0,0,0,9,0,0,1
Monu Kumar,CSK,bat,0,0,0,0,7.5,0,0,1
Gurnoor Brar,GT,bat,1,0,0,0,14,0,0,1
Rahul Goyal,MI,bat,0,0,0,0,8.5,0,0,1
Ranadeb Bose,KKR,bat,0,0,0,0,12,0,0,1
Sanjay Yadav,MI,bat,0,0,0,0,9.86,0,0,1
Uday Kaul,KKR,bat,0,0,0,0,0,0,0,1
Himanshu Sharma,RR,bat,0,0,0,0,12.4,0,0,1
Riyaz Shaikh,RR,bat,0,0,0,0,11,0,0,1
KH Devdhar,RR,bat,0,0,0,0,0,0,0,1
Prasanth Parameswaran,RCB,bat,0,0,0,0,18,0,0,1
Azhar Ali Kazi,RR,bat,0,0,0,0,9.69,0,0,1
Mitchell Owen,PBKS,bat,1,0,0,0,0,0,0,1
Karim Janat,GT,bat,0,0,0,0,30,0,0,1
Kuldeep Singh Rathore,RR,bat,0,0,0,0,0,0,0,1
Joe Denly,KKR,bat,0,0,0,0,0,0,0,1
Tejas Baroka,RR,bat,0,0,0,0,9.43,0,0,1
Himmat Singh,LSG,bat,1,0,100,0,0,0,0,1
Luan-Dre Pretorius,RR,bat,1,0,0,0,0,0,0,1
Ray Price,MI,bat,0,0,0,0,11,0,0,1
Sahil Parakh,DC,bat,1,0,0,0,0,0,0,1
Ben Duckett,DC,bat,1,0,0,0,0,0,0,1
Zak Foulkes,CSK,allrounder,1,0,0,0,0,0,0,1
Aman Khan,CSK,allrounder,1,12.78,110.58,0,13,1,0,1
